model_version,n,r,reduced_dimension,block_size,gsa_tail_dimension,delta,prob_log2,T_red_log2,T_hyb_log2,total_cost_log2,valid,evaluated_candidates
2026-08-15-k-dimension-gsa-det-cbd-moment-v1,512,1,1023,402,1022,1.003968375872997,-145.41480962871373,149.80495824277378,26.46234432457676,295.21976787148753,True,312
2026-08-15-k-dimension-gsa-det-cbd-moment-v1,512,2,1022,402,1021,1.003968375872997,-143.76947336367775,149.80354729396606,27.88167830904809,293.57302065764384,True,312
2026-08-15-k-dimension-gsa-det-cbd-moment-v1,512,3,1021,402,1020,1.003968375872997,-142.13335612385848,149.80213496390624,29.20131268493846,291.9354910877647,True,312
2026-08-15-k-dimension-gsa-det-cbd-moment-v1,512,4,1020,402,1019,1.003968375872997,-140.5064750889651,149.8007212498873,30.597186433148927,290.30719633885235,True,312
2026-08-15-k-dimension-gsa-det-cbd-moment-v1,512,5,1019,402,1018,1.003968375872997,-138.88884736432973,149.79930614919425,31.934120209749416,288.68815351352396,True,312
2026-08-15-k-dimension-gsa-det-cbd-moment-v1,512,6,1018,402,1017,1.003968375872997,-137.28048997756565,149.79788965910413,33.25231463055562,287.07837963666975,True,312
2026-08-15-k-dimension-gsa-det-cbd-moment-v1,512,7,1017,402,1016,1.003968375872997,-135.6814198751514,149.7741039638575,34.570283091833964,285.4555238390089,True,312
2026-08-15-k-dimension-gsa-det-cbd-moment-v1,512,8,1016,402,1015,1.003968375872997,-134.09165391893782,149.77268468677215,35.99151570372773,283.86433860571,True,312
2026-08-15-k-dimension-gsa-det-cbd-moment-v1,512,9,1015,402,1014,1.003968375872997,-132.5112088825807,149.77126401207252,37.3248162286427,282.2824728946532,True,312
2026-08-15-k-dimension-gsa-det-cbd-moment-v1,512,10,1014,402,1013,1.003968375872997,-130.94010144789127,149.76984193700332,38.64126939181631,280.7099433848946,True,312
2026-08-15-k-dimension-gsa-det-cbd-moment-v1,512,11,1013,402,1012,1.003968375872997,-129.37834820110788,149.76841845880114,39.95748199596176,279.146766659909,True,312
2026-08-15-k-dimension-gsa-det-cbd-moment-v1,512,12,1012,402,1011,1.003968375872997,-127.8259656290876,149.7669935746943,41.289222319442864,277.5929592037819,True,312
2026-08-15-k-dimension-gsa-det-cbd-moment-v1,512,13,1011,402,1010,1.003968375872997,-126.28297011541164,149.765567281903,42.604934215592806,276.04853739731465,True,312
2026-08-15-k-dimension-gsa-det-cbd-moment-v1,512,14,1010,402,1009,1.003968375872997,-124.74937793640892,149.74141950113906,43.920474446995115,274.490797437548,True,312
2026-08-15-k-dimension-gsa-det-cbd-moment-v1,512,15,1009,402,1008,1.003968375872997,-123.22520525709038,149.73999038260627,45.25091821574456,272.9651956396966,True,312
2026-08-15-k-dimension-gsa-det-cbd-moment-v1,512,16,1008,402,1007,1.003968375872997,-121.7104681269992,149.73855984699983,46.63172652279766,271.449027973999,True,312
2026-08-15-k-dimension-gsa-det-cbd-moment-v1,512,17,1007,402,1006,1.003968375872997,-120.20518247596786,149.7371278915067,47.946415837783064,269.94231036747453,True,312
2026-08-15-k-dimension-gsa-det-cbd-moment-v1,512,18,1006,402,1005,1.003968375872997,-118.7093641097871,149.73569451330545,49.26095723572695,268.44505862309256,True,312
2026-08-15-k-dimension-gsa-det-cbd-moment-v1,512,19,1005,402,1004,1.003968375872997,-117.22302870578014,149.7342597095662,50.58944439000709,266.95728841534634,True,312
2026-08-15-k-dimension-gsa-det-cbd-moment-v1,512,20,1004,402,1003,1.003968375872997,-115.74619180828473,149.7328234774507,51.903561734670006,265.47901528573544,True,312
2026-08-15-k-dimension-gsa-det-cbd-moment-v1,512,21,1003,402,1002,1.003968375872997,-114.2788688240367,149.7313858141121,53.21754215630117,264.0102546381488,True,312
2026-08-15-k-dimension-gsa-det-cbd-moment-v1,512,22,1002,402,1001,1.003968375872997,-112.821075017459,149.70686310358207,54.544947952726204,262.5279381210411,True,312
2026-08-15-k-dimension-gsa-det-cbd-moment-v1,512,23,1001,402,1000,1.003968375872997,-111.37282550584874,149.70542256922286,55.8585354281732,261.0782480750716,True,312
2026-08-15-k-dimension-gsa-det-cbd-moment-v1,512,24,1000,402,999,1.003968375872997,-109.93413525446466,149.70398059504896,57.17199576961441,259.6381158495136,True,312
2026-08-15-k-dimension-gsa-det-cbd-moment-v1,512,25,999,402,998,1.003968375872997,-108.50501907151174,149.70253717817928,58.49837204430574,258.20755624969104,True,312
2026-08-15-k-dimension-gsa-det-cbd-moment-v1,512,26,998,402,997,1.003968375872997,-107.08549160302125,149.70109231572414,59.81139629341915,256.7865839187454,True,312
2026-08-15-k-dimension-gsa-det-cbd-moment-v1,512,27,997,402,996,1.003968375872997,-105.67556732762404,149.69964600478505,61.124309553077666,255.3752133324091,True,312
2026-08-15-k-dimension-gsa-det-cbd-moment-v1,512,28,996,402,995,1.003968375872997,-104.27526055121767,149.69819824245494,62.43713565145988,253.9734587936726,True,312
2026-08-15-k-dimension-gsa-det-cbd-moment-v1,512,29,995,402,994,1.003968375872997,-102.88458540152088,149.69674902581787,63.76238027707566,252.58133442733873,True,312
2026-08-15-k-dimension-gsa-det-cbd-moment-v1,512,30,994,402,993,1.003968375872997,-101.50355582251953,149.67183937912517,65.07490560400691,251.1753952016447,True,312
2026-08-15-k-dimension-gsa-det-cbd-moment-v1,512,31,993,402,992,1.003968375872997,-100.13218556879679,149.67038724509126,66.3873222524033,249.80257281388805,True,312
2026-08-15-k-dimension-gsa-det-cbd-moment-v1,512,32,992,402,991,1.003968375872997,-98.77048819975009,149.66893364794976,67.77116973421218,248.43942184769986,True,312
2026-08-15-k-dimension-gsa-det-cbd-moment-v1,512,33,991,402,990,1.003968375872997,-97.4184770736892,149.66747858474938,69.08312498113865,247.0859556584386,True,312
2026-08-15-k-dimension-gsa-det-cbd-moment-v1,512,34,990,402,989,1.003968375872997,-96.07616534181727,149.66602205252985,70.39485230020226,245.74218739434713,True,312
2026-08-15-k-dimension-gsa-det-cbd-moment-v1,512,35,989,402,988,1.003968375872997,-94.74356594208977,149.66456404832198,71.70650352027846,244.40812999041174,True,312
2026-08-15-k-dimension-gsa-det-cbd-moment-v1,512,36,988,402,987,1.003968375872997,-93.42069159295163,149.66310456914755,73.0296023651168,243.0837961620992,True,312
2026-08-15-k-dimension-gsa-det-cbd-moment-v1,512,37,987,402,986,1.003968375872997,-92.10755478694946,149.6377968700649,74.34108012772576,241.74535165701437,True,312
2026-08-15-k-dimension-gsa-det-cbd-moment-v1,512,38,986,402,985,1.003968375872997,-90.80416778421855,149.63633443198643,75.65246620512892,240.44050221620498,True,312
2026-08-15-k-dimension-gsa-det-cbd-moment-v1,512,39,985,402,984,1.003968375872997,-89.51054260584017,149.63487050995226,76.97484567384778,239.14541311579245,True,312
2026-08-15-k-dimension-gsa-det-cbd-moment-v1,512,40,984,403,983,1.0039615398122372,-87.34277551089636,149.92540510094776,78.28590888700381,237.26818061184412,True,313
2026-08-15-k-dimension-gsa-det-cbd-moment-v1,512,41,983,403,982,1.0039615398122372,-86.07659896287686,149.92393820194908,79.59694396926167,236.00053716482594,True,313
2026-08-15-k-dimension-gsa-det-cbd-moment-v1,512,42,982,403,981,1.0039615398122372,-84.82021039687633,149.9224698099232,80.9185785298624,234.74268020679955,True,313
2026-08-15-k-dimension-gsa-det-cbd-moment-v1,512,43,981,403,980,1.0039615398122372,-83.57362057623641,149.8967523755811,82.22935095468557,233.4703729518175,True,313
2026-08-15-k-dimension-gsa-det-cbd-moment-v1,512,44,980,403,979,1.0039615398122372,-82.33683998560132,149.89528098836442,83.54003443730643,232.23212097396572,True,313
2026-08-15-k-dimension-gsa-det-cbd-moment-v1,512,45,979,403,978,1.0039615398122372,-81.10987882340217,149.89380809896554,84.85065315490152,231.0036869223677,True,313
2026-08-15-k-dimension-gsa-det-cbd-moment-v1,512,46,978,403,977,1.0039615398122372,-79.89274699420096,149.89233370431407,86.17154820437763,229.78508069851503,True,313
2026-08-15-k-dimension-gsa-det-cbd-moment-v1,512,47,977,403,976,1.0039615398122372,-78.68545410089,149.8908578013302,87.48190936300921,228.5763119022202,True,313
2026-08-15-k-dimension-gsa-det-cbd-moment-v1,512,48,976,403,975,1.0039615398122372,-77.48800943674698,149.88938038692473,88.79225539719857,227.3773898236717,True,313
2026-08-15-k-dimension-gsa-det-cbd-moment-v1,512,49,975,403,974,1.0039615398122372,-76.30042197734255,149.88790145799882,90.11252298386009,226.18832343534137,True,313
2026-08-15-k-dimension-gsa-det-cbd-moment-v1,512,50,974,403,973,1.0039615398122372,-75.1227003723006,149.8617589572099,91.42254624007134,224.9844593295105,True,313
2026-08-15-k-dimension-gsa-det-cbd-moment-v1,512,51,973,403,972,1.0039615398122372,-73.95485293690642,149.86027698990867,92.73260184841699,223.81512992681508,True,313
2026-08-15-k-dimension-gsa-det-cbd-moment-v1,512,52,972,403,971,1.0039615398122372,-72.7968876435645,149.85879349873335,94.05235208150727,222.65568114229785,True,313
2026-08-15-k-dimension-gsa-det-cbd-moment-v1,512,53,971,403,970,1.0039615398122372,-71.64881211310214,149.85730848054675,95.36213601858398,221.5061205936489,True,313
2026-08-15-k-dimension-gsa-det-cbd-moment-v1,512,54,970,403,969,1.0039615398122372,-70.51063360591799,149.85582193220205,96.67191613750333,220.36645553812002,True,313
2026-08-15-k-dimension-gsa-det-cbd-moment-v1,512,55,969,403,968,1.0039615398122372,-69.38235901297298,149.85433385054264,97.98159444181111,219.23669286351563,True,313
2026-08-15-k-dimension-gsa-det-cbd-moment-v1,512,56,968,404,967,1.003954730268792,-67.51234327155383,150.11975325143933,99.3006616194696,217.63209652299315,True,314
2026-08-15-k-dimension-gsa-det-cbd-moment-v1,512,57,967,404,966,1.003954730268792,-66.4115865023027,150.1182620936416,100.61011167318325,216.5298485959443,True,314
2026-08-15-k-dimension-gsa-det-cbd-moment-v1,512,58,966,404,965,1.003954730268792,-65.32073914180613,150.1167693930005,101.9195234525045,215.43750853480662,True,314
2026-08-15-k-dimension-gsa-det-cbd-moment-v1,512,59,965,404,964,1.003954730268792,-64.23980619608965,150.1152751463202,103.2381031478499,214.35508134240985,True,314
2026-08-15-k-dimension-gsa-det-cbd-moment-v1,512,60,964,404,963,1.003954730268792,-63.16879224876445,150.1137793503947,104.54730501059746,213.28257159915918,True,314
2026-08-15-k-dimension-gsa-det-cbd-moment-v1,512,61,963,404,962,1.003954730268792,-62.10770145098185,150.1122820020082,105.85644144835238,212.2199834529901,True,314
2026-08-15-k-dimension-gsa-det-cbd-moment-v1,512,62,962,404,961,1.003954730268792,-61.056537511222075,150.11078309793479,107.17455781510608,211.16732060915703,True,314
2026-08-15-k-dimension-gsa-det-cbd-moment-v1,512,63,961,404,960,1.003954730268792,-60.015303684916844,150.1092826349385,108.48352344491182,210.12458631985575,True,314
2026-08-15-k-dimension-gsa-det-cbd-moment-v1,512,64,960,404,959,1.003954730268792,-58.984002763903355,150.0822455176661,109.84575608918594,209.06624828157058,True,314
2026-08-15-k-dimension-gsa-det-cbd-moment-v1,512,65,959,404,958,1.003954730268792,-57.96263706571037,150.08074192707574,111.15450862673558,208.04337899278886,True,314
2026-08-15-k-dimension-gsa-det-cbd-moment-v1,512,66,958,404,957,1.003954730268792,-56.95120842267459,150.0792367677938,112.47190457180623,207.03044519047526,True,314
2026-08-15-k-dimension-gsa-det-cbd-moment-v1,512,67,957,404,956,1.003954730268792,-55.94971817088851,150.0777300365436,113.78052091303827,206.0274482074492,True,314
2026-08-15-k-dimension-gsa-det-cbd-moment-v1,512,68,956,405,955,1.0039479470818917,-54.304578077519345,150.36822173003836,115.08911994312986,204.6727998075923,True,315
2026-08-15-k-dimension-gsa-det-cbd-moment-v1,512,69,955,405,954,1.0039479470818917,-53.330444707084105,150.3667118449807,116.4059898642858,203.69715655215109,True,315
2026-08-15-k-dimension-gsa-det-cbd-moment-v1,512,70,954,405,953,1.0039479470818917,-52.36623342627902,150.33920516953017,117.71429494628924,202.70543859602702,True,315
2026-08-15-k-dimension-gsa-det-cbd-moment-v1,512,71,953,405,952,1.0039479470818917,-51.411943085403195,150.33769211743459,119.02260318361368,201.7496352033778,True,315
2026-08-15-k-dimension-gsa-det-cbd-moment-v1,512,72,952,405,951,1.0039479470818917,-50.46757197440131,150.3361774768326,120.33915453809988,200.8037494525803,True,315
2026-08-15-k-dimension-gsa-det-cbd-moment-v1,512,73,951,405,950,1.0039479470818917,-49.53311781073201,150.33466124438522,121.64742626137524,199.867779058455,True,315
2026-08-15-k-dimension-gsa-det-cbd-moment-v1,512,74,950,405,949,1.0039479470818917,-48.60857772706727,150.33314341674296,122.95564871639587,198.94172115208445,True,315
2026-08-15-k-dimension-gsa-det-cbd-moment-v1,512,75,949,405,948,1.0039479470818917,-47.69394825882339,150.33162399054578,124.2638224215475,198.02557226988006,True,315
2026-08-15-k-dimension-gsa-det-cbd-moment-v1,512,76,948,405,947,1.0039479470818917,-46.78922533152632,150.33010296242293,125.57996315887343,197.11932834507505,True,315
2026-08-15-k-dimension-gsa-det-cbd-moment-v1,512,77,947,405,946,1.0039479470818917,-45.89440424801006,150.32858032899304,126.88799642114836,196.22298470372615,True,315
2026-08-15-k-dimension-gsa-det-cbd-moment-v1,512,78,946,406,945,1.003941190092091,-44.436113959108454,150.59258387550287,128.19573866841029,195.02869809585889,True,316
2026-08-15-k-dimension-gsa-det-cbd-moment-v1,512,79,945,406,944,1.003941190092091,-43.56832928353756,150.5910580212719,129.51141686239757,194.15938795579322,True,316
2026-08-15-k-dimension-gsa-det-cbd-moment-v1,512,80,944,406,943,1.003941190092091,-42.71040689090535,150.5895305515253,130.81919128079443,193.29993905570845,True,316
2026-08-15-k-dimension-gsa-det-cbd-moment-v1,512,81,943,406,942,1.003941190092091,-41.86233900791328,150.58800146283855,132.12696285468192,192.45034446879578,True,316
2026-08-15-k-dimension-gsa-det-cbd-moment-v1,512,82,942,406,941,1.003941190092091,-41.02411716541278,150.58647075177626,133.44235983445523,191.6105978776951,True,316
2026-08-15-k-dimension-gsa-det-cbd-moment-v1,512,83,941,406,940,1.003941190092091,-40.19573218461641,150.584938414892,134.7499898683597,190.78069528128017,True,316
2026-08-15-k-dimension-gsa-det-cbd-moment-v1,512,84,940,406,939,1.003941190092091,-39.37717416316019,150.5564374011282,136.05758394102958,189.93367387681565,True,316
2026-08-15-k-dimension-gsa-det-cbd-moment-v1,512,85,939,406,938,1.003941190092091,-38.56843246102302,150.55490180221696,137.36517106515643,189.12348866303262,True,316
2026-08-15-k-dimension-gsa-det-cbd-moment-v1,512,86,938,406,937,1.003941190092091,-37.76949568630427,150.55336456707857,138.6800780346158,188.32324475774448,True,316
2026-08-15-k-dimension-gsa-det-cbd-moment-v1,512,87,937,407,936,1.003934459141254,-36.4772689499725,150.8438256922224,139.9875181982656,187.3218726487107,True,317
2026-08-15-k-dimension-gsa-det-cbd-moment-v1,512,88,936,407,935,1.003934459141254,-35.704902361885225,150.8422851741466,141.29490845933228,186.54911434084534,True,317
2026-08-15-k-dimension-gsa-det-cbd-moment-v1,512,89,935,407,934,1.003934459141254,-34.94227569381552,150.84074300933818,142.60956965555596,185.78781187297514,True,317
2026-08-15-k-dimension-gsa-det-cbd-moment-v1,512,90,934,407,933,1.003934459141254,-34.18937388441553,150.81171845785076,143.91680550383282,185.0131643813369,True,317
2026-08-15-k-dimension-gsa-det-cbd-moment-v1,512,91,933,407,932,1.003934459141254,-33.44618104060196,150.81017298899286,145.2240235499043,184.2860771595155,True,317
2026-08-15-k-dimension-gsa-det-cbd-moment-v1,512,92,932,407,931,1.003934459141254,-32.712680422603164,150.80862586279537,146.53834673833268,183.59419747263007,True,317
2026-08-15-k-dimension-gsa-det-cbd-moment-v1,512,93,931,407,930,1.003934459141254,-31.988854428908386,150.80707707569988,147.8454629270713,182.97017238602268,True,317
2026-08-15-k-dimension-gsa-det-cbd-moment-v1,512,94,930,408,929,1.0039277540725413,-30.82552947594712,151.0975266241365,149.15256376984007,182.2561608746707,True,318
2026-08-15-k-dimension-gsa-det-cbd-moment-v1,512,95,929,408,928,1.0039277540725413,-30.127757552860313,151.09597450452375,150.45951872201056,181.94032035419625,True,318
2026-08-15-k-dimension-gsa-det-cbd-moment-v1,512,96,928,408,927,1.0039277540725413,-29.439571937406296,151.06640633709907,151.7735598249121,181.90245552308042,True,318
2026-08-15-k-dimension-gsa-det-cbd-moment-v1,512,97,927,408,926,1.0039277540725413,-28.76095086357907,151.06485087059704,153.08043082033848,182.16020721986766,True,318
2026-08-15-k-dimension-gsa-det-cbd-moment-v1,512,98,926,408,925,1.0039277540725413,-28.091871620693066,151.06329372523174,154.38732716262055,182.61651103919687,True,318
2026-08-15-k-dimension-gsa-det-cbd-moment-v1,512,99,925,408,924,1.0039277540725413,-27.432310537983987,151.06173489737517,155.70105036543316,183.1901193394469,True,318
2026-08-15-k-dimension-gsa-det-cbd-moment-v1,512,100,924,408,923,1.0039277540725413,-26.782242969182594,151.06017438338756,157.00776948809033,183.81320108769071,True,318
2026-08-15-k-dimension-gsa-det-cbd-moment-v1,512,101,923,409,922,1.003921074730397,-25.744321007997684,151.3506121796173,158.31449711876863,184.07032884962314,True,319
2026-08-15-k-dimension-gsa-det-cbd-moment-v1,512,102,922,409,921,1.003921074730397,-25.119656451119813,151.34904828240084,159.62791111598364,184.75220513504877,True,319
2026-08-15-k-dimension-gsa-det-cbd-moment-v1,512,103,921,409,920,1.003921074730397,-24.504370923805165,151.31891353586607,160.93456415168,185.44077287710383,True,319
2026-08-15-k-dimension-gsa-det-cbd-moment-v1,512,104,920,409,919,1.003921074730397,-23.898435113768404,151.3173462407191,162.24113909595368,186.1403166704159,True,319
2026-08-15-k-dimension-gsa-det-cbd-moment-v1,512,105,919,409,918,1.003921074730397,-23.301818650375736,151.31577724106376,163.54772421317702,186.84984274283167,True,319
2026-08-15-k-dimension-gsa-det-cbd-moment-v1,512,106,918,409,917,1.003921074730397,-22.714490089466963,151.31420653318852,164.86080944859438,187.57542010342908,True,319
2026-08-15-k-dimension-gsa-det-cbd-moment-v1,512,107,917,410,916,1.0039144209605348,-21.782366959073585,151.60463411336977,166.16720336178378,187.94962994132902,True,320
2026-08-15-k-dimension-gsa-det-cbd-moment-v1,512,108,916,410,915,1.0039144209605348,-21.21974764233027,151.60305997787168,167.47364989646442,188.69342161828558,True,320
2026-08-15-k-dimension-gsa-det-cbd-moment-v1,512,109,915,410,914,1.0039144209605348,-20.666276769923872,151.5723377772866,168.78648569285477,189.45277195129344,True,320
2026-08-15-k-dimension-gsa-det-cbd-moment-v1,512,110,914,410,913,1.0039144209605348,-20.121917812310162,151.5707601991733,170.09284017960726,190.21476182433042,True,320
2026-08-15-k-dimension-gsa-det-cbd-moment-v1,512,111,913,410,912,1.0039144209605348,-19.586633087511434,151.56918089409945,171.39913231121,190.98576694669705,True,320
2026-08-15-k-dimension-gsa-det-cbd-moment-v1,512,112,912,410,911,1.0039144209605348,-19.060383746931453,151.56759985827995,172.7116756965886,191.77206006606883,True,320
2026-08-15-k-dimension-gsa-det-cbd-moment-v1,512,113,911,411,910,1.0039077926099251,-18.230393838023865,151.85801708791726,174.01787421177076,192.24826835768266,True,321
2026-08-15-k-dimension-gsa-det-cbd-moment-v1,512,114,910,411,909,1.0039077926099251,-17.728038527149156,151.85643257920125,175.3240419683464,193.05208061986684,True,321
2026-08-15-k-dimension-gsa-det-cbd-moment-v1,512,115,909,411,908,1.0039077926099251,-17.23455222362255,151.85484632830932,176.63018002647235,193.86473230033565,True,321
2026-08-15-k-dimension-gsa-det-cbd-moment-v1,512,116,908,411,907,1.0039077926099251,-16.74989061123215,151.82351098801206,177.94249588822993,194.69238651925806,True,321
2026-08-15-k-dimension-gsa-det-cbd-moment-v1,512,117,907,411,906,1.0039077926099251,-16.274008137018015,151.82192124124967,179.24850908836046,195.52251723337588,True,321
2026-08-15-k-dimension-gsa-det-cbd-moment-v1,512,118,906,412,905,1.0039011895267822,-15.527636706571595,152.1123297407674,180.55457284448227,196.0822095550094,True,322
2026-08-15-k-dimension-gsa-det-cbd-moment-v1,512,119,905,412,904,1.0039011895267822,-15.074847491400062,152.11073648269172,181.86665946437267,196.94150695736403,True,322
2026-08-15-k-dimension-gsa-det-cbd-moment-v1,512,120,904,412,903,1.0039011895267822,-14.630646946318755,152.10914146313633,183.1727453284251,197.8033922753867,True,322
2026-08-15-k-dimension-gsa-det-cbd-moment-v1,512,121,903,412,902,1.0039011895267822,-14.194983781167162,152.107544678202,184.4787534393313,198.67373722075817,True,322
2026-08-15-k-dimension-gsa-det-cbd-moment-v1,512,122,902,412,901,1.0039011895267822,-13.767805411302568,152.10594612397654,185.79040105117704,199.5582064625841,True,322
2026-08-15-k-dimension-gsa-det-cbd-moment-v1,512,123,901,413,900,1.0038946115605516,-13.101685289022285,152.36597214749116,187.09639272555916,200.19807801463205,True,323
2026-08-15-k-dimension-gsa-det-cbd-moment-v1,512,124,900,413,899,1.0038946115605516,-12.696703378237014,152.36437004289468,188.4022140633255,201.09891744158296,True,323
2026-08-15-k-dimension-gsa-det-cbd-moment-v1,512,125,899,413,898,1.0038946115605516,-12.299990807685466,152.36276615719208,189.70801902041754,202.00800982811128,True,323
2026-08-15-k-dimension-gsa-det-cbd-moment-v1,512,126,898,413,897,1.0038946115605516,-11.911489057476082,152.36116048641878,191.0196013899559,202.9310904474353,True,323
2026-08-15-k-dimension-gsa-det-cbd-moment-v1,512,127,897,413,896,1.0038946115605516,-11.531138273378254,152.3595530265969,192.3252810749571,203.8564193483367,True,323
2026-08-15-k-dimension-gsa-det-cbd-moment-v1,512,128,896,414,895,1.0038880585618974,-10.941589510995009,152.61891687811462,193.70066668089999,204.64225619189563,True,324
2026-08-15-k-dimension-gsa-det-cbd-moment-v1,512,129,895,414,894,1.0038880585618974,-10.582440171006404,152.61730582820863,195.01208860450615,205.5945287755128,True,324
2026-08-15-k-dimension-gsa-det-cbd-moment-v1,512,130,894,414,893,1.0038880585618974,-10.231200839459078,152.61569297724034,196.31763351038538,206.54883434984458,True,324
2026-08-15-k-dimension-gsa-det-cbd-moment-v1,512,131,893,414,892,1.0038880585618974,-9.887805627276775,152.61407832117823,197.62319618434634,207.51100181162315,True,324
2026-08-15-k-dimension-gsa-det-cbd-moment-v1,512,132,892,415,891,1.0038815303826896,-9.358309125452712,152.9044618559773,198.9287333919062,208.28704251735894,True,325
2026-08-15-k-dimension-gsa-det-cbd-moment-v1,512,133,891,415,890,1.0038815303826896,-9.035216321805983,152.90284357757892,200.2398257612365,209.27504208304248,True,325
2026-08-15-k-dimension-gsa-det-cbd-moment-v1,512,134,890,415,889,1.0038815303826896,-8.719705831928362,152.90122348191076,201.5453002264509,210.26500605837927,True,325
2026-08-15-k-dimension-gsa-det-cbd-moment-v1,512,135,889,415,888,1.0038815303826896,-8.41170575007032,152.86789270515945,202.85070389707042,211.26240964714074,True,325
2026-08-15-k-dimension-gsa-det-cbd-moment-v1,512,136,888,416,887,1.0038750268759924,-7.939342712786083,153.15826896267978,204.1616020136301,212.10094472641617,True,326
2026-08-15-k-dimension-gsa-det-cbd-moment-v1,512,137,887,416,886,1.0038750268759924,-7.650681529554466,153.15664339063073,205.4669794790847,213.11766100863917,True,326
2026-08-15-k-dimension-gsa-det-cbd-moment-v1,512,138,886,416,885,1.0038750268759924,-7.369248472431697,153.1550159848847,206.77233200354272,214.14158047597442,True,326
2026-08-15-k-dimension-gsa-det-cbd-moment-v1,512,139,885,416,884,1.0038750268759924,-7.094965742983424,153.15338674130004,208.08307761874119,215.1780433617246,True,326
2026-08-15-k-dimension-gsa-det-cbd-moment-v1,512,140,884,417,883,1.0038685478960512,-6.676658859385635,153.41133417802874,209.3882513324469,216.06491019183255,True,327
2026-08-15-k-dimension-gsa-det-cbd-moment-v1,512,141,883,417,882,1.0038685478960512,-6.420689412232195,153.40970124628578,210.69350436387464,217.11419377610684,True,327
2026-08-15-k-dimension-gsa-det-cbd-moment-v1,512,142,882,417,881,1.0038685478960512,-6.171568318720766,153.40806646419483,211.99874181741723,218.170310136138,True,327
2026-08-15-k-dimension-gsa-det-cbd-moment-v1,512,143,881,417,880,1.0038685478960512,-5.929212136641435,153.4064298275577,213.30921329307867,219.2384254297201,True,327
2026-08-15-k-dimension-gsa-det-cbd-moment-v1,512,144,880,418,879,1.0038620932982816,-5.561736073722405,153.69679133216195,214.61432613278407,220.1760622065065,True,328
2026-08-15-k-dimension-gsa-det-cbd-moment-v1,512,145,879,418,878,1.0038620932982816,-5.336609274959362,153.6951509737807,215.9193890329832,221.25599830794255,True,328
2026-08-15-k-dimension-gsa-det-cbd-moment-v1,512,146,878,418,877,1.0038620932982816,-5.11792698292858,153.69350874817266,217.22982637723197,222.34775336016054,True,328
2026-08-15-k-dimension-gsa-det-cbd-moment-v1,512,147,877,418,876,1.0038620932982816,-4.905600504361909,153.69186465108203,218.53485796529367,223.44045846965557,True,328
2026-08-15-k-dimension-gsa-det-cbd-moment-v1,512,148,876,419,875,1.003855662939257,-4.585596651310352,153.9490518143033,219.83981672882157,224.4254133801319,True,329
2026-08-15-k-dimension-gsa-det-cbd-moment-v1,512,149,875,419,874,1.003855662939257,-4.3893628465001076,153.9474039614218,221.1498871079827,225.5392499544828,True,329
2026-08-15-k-dimension-gsa-det-cbd-moment-v1,512,150,874,419,873,1.003855662939257,-4.1991478194222065,153.94575422420272,222.45487117287058,226.65401899229278,True,329
2026-08-15-k-dimension-gsa-det-cbd-moment-v1,512,151,873,420,872,1.0038492566766966,-3.913903892962242,154.23610259833154,223.75990072042418,227.67380461338644,True,330
2026-08-15-k-dimension-gsa-det-cbd-moment-v1,512,152,872,420,871,1.0038492566766966,-3.738854082852829,154.23444907947902,225.06484192564537,228.8036960084982,True,330
2026-08-15-k-dimension-gsa-det-cbd-moment-v1,512,153,871,420,870,1.0038492566766966,-3.5694748857353806,154.23279366330095,226.37486768516072,229.9443425708961,True,330
2026-08-15-k-dimension-gsa-det-cbd-moment-v1,512,154,870,420,869,1.0038492566766966,-3.4056697986510747,154.19718901351484,227.67974572160796,231.08541552025903,True,330
2026-08-15-k-dimension-gsa-det-cbd-moment-v1,512,155,869,421,868,1.0038428743694547,-3.1616257201094085,154.48752978959314,228.9846395130757,232.14626523318512,True,331
2026-08-15-k-dimension-gsa-det-cbd-moment-v1,512,156,868,421,867,1.0038428743694547,-3.0117752875071724,154.48586865522324,230.29445656656503,233.3062318540722,True,331
2026-08-15-k-dimension-gsa-det-cbd-moment-v1,512,157,867,421,866,1.0038428743694547,-2.8671388729103655,154.4842056060006,231.59925682681737,234.46639569972774,True,331
2026-08-15-k-dimension-gsa-det-cbd-moment-v1,512,158,866,422,865,1.0038365158775089,-2.6528172947076953,154.77454063750548,232.9039733094992,235.5567906042069,True,332
2026-08-15-k-dimension-gsa-det-cbd-moment-v1,512,159,865,422,864,1.0038365158775089,-2.5211642930862914,154.73810832714216,234.21370369964853,236.73486799273482,True,332
2026-08-15-k-dimension-gsa-det-cbd-moment-v1,512,160,864,422,863,1.0038365158775089,-2.3943585612734837,154.73643950678155,235.5184228588863,237.9127814201598,True,332
2026-08-15-k-dimension-gsa-det-cbd-moment-v1,512,161,863,423,862,1.0038301810619483,-2.2075101393047674,155.02676875379703,236.82306030467296,239.03057044397772,True,333
2026-08-15-k-dimension-gsa-det-cbd-moment-v1,512,162,862,423,861,1.0038301810619483,-2.092707146184646,155.02509606370717,238.12790408447992,240.22061123066456,True,333
2026-08-15-k-dimension-gsa-det-cbd-moment-v1,512,163,861,423,860,1.0038301810619483,-1.982380466269847,155.0234214320149,239.43732514419187,241.41970561046173,True,333
2026-08-15-k-dimension-gsa-det-cbd-moment-v1,512,164,860,424,859,1.0038238697849633,-1.820758007991905,155.31374485420756,240.74188033502435,242.56263834301626,True,334
2026-08-15-k-dimension-gsa-det-cbd-moment-v1,512,165,859,424,858,1.0038238697849633,-1.7214506460164583,155.31206632575655,242.04644566260964,243.7678963086261,True,334
2026-08-15-k-dimension-gsa-det-cbd-moment-v1,512,166,858,424,857,1.0038238697849633,-1.626247150140653,155.2747619323869,243.35583969080892,244.98208684094956,True,334
2026-08-15-k-dimension-gsa-det-cbd-moment-v1,512,167,857,425,856,1.003817581909834,-1.4876207856719246,155.56507948899986,244.66032931716578,246.1479501028377,True,335
2026-08-15-k-dimension-gsa-det-cbd-moment-v1,512,168,856,425,855,1.003817581909834,-1.402457719560207,155.56339508128852,245.9648897932509,247.3673475128111,True,335
2026-08-15-k-dimension-gsa-det-cbd-moment-v1,512,169,855,425,854,1.003817581909834,-1.3210275373071794,155.56170870466062,247.27406884198876,248.59509637929594,True,335
2026-08-15-k-dimension-gsa-det-cbd-moment-v1,512,170,854,426,853,1.0038113173009195,-1.203200867964393,155.85202035450786,248.5785605039173,249.7817613718817,True,336
2026-08-15-k-dimension-gsa-det-cbd-moment-v1,512,171,853,426,852,1.0038113173009195,-1.1308445225342385,155.85033002620565,249.8829305762411,251.01377509877534,True,336
2026-08-15-k-dimension-gsa-det-cbd-moment-v1,512,172,852,426,851,1.0038113173009195,-1.061854688444444,155.8121118390881,251.18732917953457,252.249183867979,True,336
2026-08-15-k-dimension-gsa-det-cbd-moment-v1,512,173,851,427,850,1.0038050758236472,-0.962681619490206,156.1024175405482,252.49635804184499,253.4590396613352,True,337
2026-08-15-k-dimension-gsa-det-cbd-moment-v1,512,174,850,427,849,1.0038050758236472,-0.9018194226706322,156.10072124988733,253.8006898458858,254.70250926855644,True,337
2026-08-15-k-dimension-gsa-det-cbd-moment-v1,512,175,849,427,848,1.0038050758236472,-0.8439652444743302,156.0990229624153,255.1049993679387,255.94896461241302,True,337
2026-08-15-k-dimension-gsa-det-cbd-moment-v1,512,176,848,428,847,1.0037988573445016,-0.7613671290156155,156.38932267342545,256.41390145892626,257.1752685879419,True,338
2026-08-15-k-dimension-gsa-det-cbd-moment-v1,512,177,847,428,846,1.0037988573445016,-0.7107230276492291,156.38762037819444,257.7182038831001,258.42892691074934,True,338
2026-08-15-k-dimension-gsa-det-cbd-moment-v1,512,178,846,429,845,1.0037926617310153,-0.6387957176484018,156.64044136656352,259.02243901347856,259.66123473112697,True,339
2026-08-15-k-dimension-gsa-det-cbd-moment-v1,512,179,845,429,844,1.0037926617310153,-0.5947222906490982,156.63873504461313,260.33118496993757,260.92590726058665,True,339
2026-08-15-k-dimension-gsa-det-cbd-moment-v1,512,180,844,429,843,1.0037926617310153,-0.5530682326497051,156.63702670215076,261.6353771813008,262.1884454139505,True,339
2026-08-15-k-dimension-gsa-det-cbd-moment-v1,512,181,843,430,842,1.003786488851757,-0.4943441322126531,156.92731633438567,262.939582382996,263.4339265152086,True,340
2026-08-15-k-dimension-gsa-det-cbd-moment-v1,512,182,842,430,841,1.003786488851757,-0.4584120654987256,156.92560393651,264.24374214413353,264.7021542096323,True,340
2026-08-15-k-dimension-gsa-det-cbd-moment-v1,512,183,841,431,840,1.0037803385763218,-0.408039106736376,157.17741535588408,265.5524734934313,265.9605126001677,True,341
2026-08-15-k-dimension-gsa-det-cbd-moment-v1,512,184,840,431,839,1.0037803385763218,-0.37724848292409446,157.17569888329507,266.85653297832056,267.23378146124463,True,341
2026-08-15-k-dimension-gsa-det-cbd-moment-v1,512,185,839,431,838,1.0037803385763218,-0.34833863609081284,157.17398036606878,268.1607070002119,268.50904563630274,True,341
2026-08-15-k-dimension-gsa-det-cbd-moment-v1,512,186,838,432,837,1.003774210775322,-0.30813259737473175,157.4642597993283,269.46901883503784,269.77715143241255,True,342
2026-08-15-k-dimension-gsa-det-cbd-moment-v1,512,187,837,432,836,1.003774210775322,-0.2836058489204416,157.4625371781793,270.77331897405094,271.0569248229714,True,342
2026-08-15-k-dimension-gsa-det-cbd-moment-v1,512,188,836,433,835,1.0037681053203762,-0.24970229878078812,157.75281249770984,272.0773233712308,272.3270256700116,True,343
2026-08-15-k-dimension-gsa-det-cbd-moment-v1,512,189,835,433,834,1.0037681053203762,-0.22905062487035655,157.75108575299035,273.3857939819891,273.61484460685944,True,343
2026-08-15-k-dimension-gsa-det-cbd-moment-v1,512,190,834,434,833,1.0037620220840986,-0.20068241448974916,158.00182857488699,274.68974980879887,274.8904322232886,True,344
2026-08-15-k-dimension-gsa-det-cbd-moment-v1,512,191,833,434,832,1.0037620220840986,-0.18343138454822022,158.00009768680786,275.9937897266422,276.1772211111904,True,344
2026-08-15-k-dimension-gsa-det-cbd-moment-v1,512,192,832,434,831,1.0037620220840986,-0.16740948688126114,157.9983647195834,277.29772983912443,277.46513932600567,True,344
2026-08-15-k-dimension-gsa-det-cbd-moment-v1,512,193,831,435,830,1.0037559609400917,-0.14559789592419042,158.28862966821265,278.605945889197,278.7515437851212,True,345
2026-08-15-k-dimension-gsa-det-cbd-moment-v1,512,194,830,435,829,1.0037559609400917,-0.1323736294731021,158.2868925276766,279.9099277681203,280.0423013975934,True,345
2026-08-15-k-dimension-gsa-det-cbd-moment-v1,512,195,829,436,828,1.0037499217629338,-0.11449302821025363,158.57715329293808,281.21378147880165,281.3282745070119,True,346
2026-08-15-k-dimension-gsa-det-cbd-moment-v1,512,196,828,436,827,1.0037499217629338,-0.10367608175622406,158.5347699744443,282.5219532313192,282.6256293130754,True,346
2026-08-15-k-dimension-gsa-det-cbd-moment-v1,512,197,827,437,826,1.003743904428172,-0.08915338822037346,158.82502653611624,283.82571692890036,283.91487031712074,True,347
2026-08-15-k-dimension-gsa-det-cbd-moment-v1,512,198,826,437,825,1.003743904428172,-0.08038941125290944,158.82328098836442,285.12962532766716,285.21001473892005,True,347
2026-08-15-k-dimension-gsa-det-cbd-moment-v1,512,199,825,438,824,1.0037379088123108,-0.06870881565662962,159.11353332607814,286.4376097846976,286.50631860035423,True,348
2026-08-15-k-dimension-gsa-det-cbd-moment-v1,512,200,824,438,823,1.0037379088123108,-0.061679101682163257,159.11178354412817,287.7413674249719,287.80304652665404,True,348
2026-08-15-k-dimension-gsa-det-cbd-moment-v1,512,201,823,439,822,1.0037319347928042,-0.052380746000193414,159.40203163736658,289.04510319954585,289.09748394554606,True,349
2026-08-15-k-dimension-gsa-det-cbd-moment-v1,512,202,822,439,821,1.0037319347928042,-0.04680146622566503,159.35845742493203,290.34888292983374,290.3956843960594,True,349
2026-08-15-k-dimension-gsa-det-cbd-moment-v1,512,203,821,440,820,1.0037259822480458,-0.03947948360994284,159.64870125302815,291.65669817290006,291.69617765651003,True,350
2026-08-15-k-dimension-gsa-det-cbd-moment-v1,512,204,820,440,819,1.0037259822480458,-0.03510049403204048,159.6469429407558,292.96038174481725,292.9954822388493,True,350
2026-08-15-k-dimension-gsa-det-cbd-moment-v1,512,205,819,441,818,1.0037200510573594,-0.029400461669177487,159.93718248289136,294.26395234192864,294.2933528035978,True,351
2026-08-15-k-dimension-gsa-det-cbd-moment-v1,512,206,818,441,817,1.0037200510573594,-0.02600372024544764,159.9354198741921,295.57170876556546,295.5977124858109,True,351
2026-08-15-k-dimension-gsa-det-cbd-moment-v1,512,207,817,442,816,1.003714141100991,-0.021619597927047787,160.22565510939603,296.87536653258593,296.89698613051297,True,352
2026-08-15-k-dimension-gsa-det-cbd-moment-v1,512,208,816,442,815,1.003714141100991,-0.01901724107284787,160.18081946132995,298.1790724081843,298.19808964925716,True,352
2026-08-15-k-dimension-gsa-det-cbd-moment-v1,512,209,815,443,814,1.0037082522600993,-0.01568788387634125,160.4710503684769,299.4825613552348,299.49824923911115,True,353
2026-08-15-k-dimension-gsa-det-cbd-moment-v1,512,210,814,443,813,1.0037082522600993,-0.013720022254634314,160.4692791036247,300.7902515379731,300.80397156022775,True,353
2026-08-15-k-dimension-gsa-det-cbd-moment-v1,512,211,813,444,812,1.0037023844167468,-0.011225368295894333,160.75950566143348,302.093845608122,302.1050709764179,True,354
2026-08-15-k-dimension-gsa-det-cbd-moment-v1,512,212,812,444,811,1.0037023844167468,-0.009757670045548866,160.75773003654362,303.39748776956344,303.40724543960897,True,354
2026-08-15-k-dimension-gsa-det-cbd-moment-v1,512,213,811,445,810,1.0036965374538915,-0.007914712393357528,161.04795222357572,304.70496459081977,304.71287930321313,True,355
2026-08-15-k-dimension-gsa-det-cbd-moment-v1,512,214,810,446,809,1.003690711255378,-0.006386545313852936,161.293778097772,306.00874695166084,306.01513349697467,True,356
2026-08-15-k-dimension-gsa-det-cbd-moment-v1,512,215,809,446,808,1.003690711255378,-0.005494501957235531,161.29199589242998,307.31208621298777,307.317580714945,True,356
2026-08-15-k-dimension-gsa-det-cbd-moment-v1,512,216,808,447,807,1.003684905705929,-0.004392277083355639,161.5822114827518,308.6196630007109,308.62405527779424,True,357
2026-08-15-k-dimension-gsa-det-cbd-moment-v1,512,217,807,447,806,1.003684905705929,-0.0037525013293780362,161.58042486327778,309.92304517614286,309.9267976774722,True,357
2026-08-15-k-dimension-gsa-det-cbd-moment-v1,512,218,806,448,805,1.0036791206911375,-0.0029702892575022522,161.87063602852797,311.22656667494675,311.22953696420427,True,358
2026-08-15-k-dimension-gsa-det-cbd-moment-v1,512,219,805,448,804,1.0036791206911375,-0.002519024632910146,161.86884497300198,312.5299794290908,312.53249845372375,True,358
2026-08-15-k-dimension-gsa-det-cbd-moment-v1,512,220,804,449,803,1.0036733560974584,-0.0019733330237196056,162.1132480015658,313.8373677618465,313.83934109487024,True,359
2026-08-15-k-dimension-gsa-det-cbd-moment-v1,512,221,803,449,802,1.0036733560974584,-0.0016605821862485056,162.1114524879042,315.14070636586956,315.14236694805584,True,360
2026-08-15-k-dimension-gsa-det-cbd-moment-v1,512,222,802,450,801,1.003667611812199,-0.0012867045289371682,162.4016547368418,316.444242410324,316.44552911485295,True,360
2026-08-15-k-dimension-gsa-det-cbd-moment-v1,512,223,801,451,800,1.0036618877235128,-0.000990491878150206,162.69185474279558,317.7513443620152,317.75233485389333,True,361
2026-08-15-k-dimension-gsa-det-cbd-moment-v1,512,224,800,451,799,1.0036618877235128,-0.0008226091980691607,162.69005250016158,319.05467604285815,319.0554986520562,True,361
2026-08-15-k-dimension-gsa-det-cbd-moment-v1,512,225,799,452,798,1.0036561837203906,-0.0006257665128019467,162.98024800331484,320.3580638500713,320.3586896165841,True,362
2026-08-15-k-dimension-gsa-det-cbd-moment-v1,512,226,798,452,797,1.0036561837203906,-0.0005150835704607729,162.9784412466092,321.66509041186686,321.6656054954373,True,363
2026-08-15-k-dimension-gsa-det-cbd-moment-v1,512,227,797,452,795,1.0036561837203906,-0.0004223533510749889,162.92932650959898,322.9683371503231,322.9687595036742,True,363
2026-08-15-k-dimension-gsa-det-cbd-moment-v1,512,228,796,454,795,1.0036448355309382,-0.00028853899387211955,163.51151521615216,324.2716847988565,324.27197333785034,True,364
2026-08-15-k-dimension-gsa-det-cbd-moment-v1,512,229,795,455,794,1.0036391911267055,-0.00021349983200324201,163.80170164578024,325.5749321966946,325.5751456965266,True,365
2026-08-15-k-dimension-gsa-det-cbd-moment-v1,512,230,794,453,792,1.0036504996926516,-0.00020717547454858853,163.21588579275146,326.8818718438948,326.88207901936937,True,365
2026-08-15-k-dimension-gsa-det-cbd-moment-v1,512,231,793,456,792,1.0036335663722153,-0.00012556089957209323,164.0900676513125,328.1850520158622,328.18517757676176,True,366
2026-08-15-k-dimension-gsa-det-cbd-moment-v1,512,232,792,452,788,1.0036561837203906,-0.0001470439317971384,162.9202472156881,329.4882325689586,329.4883796128904,True,367
2026-08-15-k-dimension-gsa-det-cbd-moment-v1,512,233,791,457,790,1.0036279611605279,-7.199359391880734e-05,164.32951487960037,330.7951277828812,330.7951997764751,True,367
2026-08-15-k-dimension-gsa-det-cbd-moment-v1,512,234,790,458,789,1.0036223753854947,-5.1306214925364953e-05,164.61968983819204,332.0982631090619,332.09831441527683,True,368
2026-08-15-k-dimension-gsa-det-cbd-moment-v1,512,235,789,458,788,1.0036223753854947,-4.0188310603228185e-05,164.61786248514102,333.40139977432017,333.4014399626308,True,369
2026-08-15-k-dimension-gsa-det-cbd-moment-v1,512,236,788,459,787,1.003616808941751,-2.8184022465159795e-05,164.90803281458395,334.70806020975016,334.70808839377264,True,369
2026-08-15-k-dimension-gsa-det-cbd-moment-v1,512,237,787,460,786,1.003611261724709,-1.9577057913040156e-05,165.19820082063507,336.0112809767225,336.0113005537804,True,370
2026-08-15-k-dimension-gsa-det-cbd-moment-v1,512,238,786,459,784,1.003616808941751,-1.6784008011586126e-05,164.90436649738618,337.31421635027164,337.3142331342797,True,371
2026-08-15-k-dimension-gsa-det-cbd-moment-v1,512,239,785,452,778,1.0036561837203906,-2.763047400160197e-05,162.9074394393875,338.617452289228,338.617479919702,True,372
2026-08-15-k-dimension-gsa-det-cbd-moment-v1,512,240,784,459,781,1.003616808941751,-9.77466659525313e-06,164.90069083924277,339.92396128985473,339.9239710645213,True,372
2026-08-15-k-dimension-gsa-det-cbd-moment-v1,512,241,783,446,772,1.003690711255378,-3.151502411972986e-05,161.15175909289957,341.22711873642766,341.2271502514518,True,373
2026-08-15-k-dimension-gsa-det-cbd-moment-v1,512,242,782,444,769,1.0037023844167468,-3.0244382325102513e-05,160.56591539291588,342.53022508018176,342.5302553245641,True,374
2026-08-15-k-dimension-gsa-det-cbd-moment-v1,512,243,781,445,768,1.0036965374538915,-2.0868961299113002e-05,160.8560693337505,343.83683580670373,343.83685667566505,True,375
2026-08-15-k-dimension-gsa-det-cbd-moment-v1,512,244,780,440,764,1.0037259822480458,-2.783414871832342e-05,159.4415266241365,345.13986045079105,345.1398882849398,True,375
2026-08-15-k-dimension-gsa-det-cbd-moment-v1,512,245,779,438,761,1.0037379088123108,-2.6696136610447804e-05,158.85567582844854,346.4428679706083,346.4428946667449,True,376
2026-08-15-k-dimension-gsa-det-cbd-moment-v1,512,246,778,432,756,1.003774210775322,-3.973060957081711e-05,157.14762634498618,347.7492041473896,347.74924387799916,True,377
2026-08-15-k-dimension-gsa-det-cbd-moment-v1,512,247,777,433,755,1.0037681053203762,-2.7438077716017887e-05,157.3919670987946,349.0522670294229,349.05229446750064,True,378
2026-08-15-k-dimension-gsa-det-cbd-moment-v1,512,248,776,432,753,1.003774210775322,-2.3521431664496703e-05,157.098109152574,350.35493423725654,350.3549577586882,True,379
2026-08-15-k-dimension-gsa-det-cbd-moment-v1,512,249,775,459,768,1.003616808941751,-6.299570574392902e-07,164.8334074222192,351.6581361220559,351.658136752013,True,379
2026-08-15-k-dimension-gsa-det-cbd-moment-v1,512,250,774,426,747,1.0038113173009195,-2.709917607993808e-05,155.3881897561444,352.96460534054404,352.9646324397201,True,380
2026-08-15-k-dimension-gsa-det-cbd-moment-v1,512,251,773,459,765,1.003616808941751,-3.1719883349977454e-07,164.82967952598244,354.2673987384973,354.26739905569616,True,381
2026-08-15-k-dimension-gsa-det-cbd-moment-v1,512,252,772,425,743,1.003817581909834,-1.7638427570229225e-05,155.09245703726808,355.5703438857414,355.57036152416896,True,382
2026-08-15-k-dimension-gsa-det-cbd-moment-v1,512,253,771,432,746,1.003774210775322,-5.70871791326834e-06,157.0887833603019,356.87665085351404,356.876656562232,True,383
2026-08-15-k-dimension-gsa-det-cbd-moment-v1,512,254,770,419,737,1.003855662939257,-2.0410778757281513e-05,153.38110875494073,358.17950072138507,358.1795211321638,True,384
2026-08-15-k-dimension-gsa-det-cbd-moment-v1,512,255,769,432,743,1.003774210775322,-3.0958559976668244e-06,157.0850360983487,359.48225035699386,359.4822534528499,True,384
2026-08-15-k-dimension-gsa-det-cbd-moment-v1,512,256,768,419,734,1.003855662939257,-1.1597188375089022e-05,153.3773566200796,360.83346920467466,360.833480801863,True,385
2026-08-15-k-dimension-gsa-det-cbd-moment-v1,512,257,767,432,740,1.003774210775322,-1.6321668793315999e-06,157.0812790778898,362.13622871393625,362.1362303461031,True,386
2026-08-15-k-dimension-gsa-det-cbd-moment-v1,512,258,766,412,727,1.0039011895267822,-1.5214463380990307e-05,151.37266342317528,363.43904533236946,363.4390605468328,True,387
2026-08-15-k-dimension-gsa-det-cbd-moment-v1,512,259,765,405,721,1.0039479470818917,-2.647521733723851e-05,149.36859895452497,364.74174605547677,364.7417725306941,True,388
2026-08-15-k-dimension-gsa-det-cbd-moment-v1,512,260,764,404,719,1.003954730268792,-2.256373152390032e-05,149.07471184498073,366.0479796708432,366.0480022345747,True,389
2026-08-15-k-dimension-gsa-det-cbd-moment-v1,512,261,763,392,710,1.004038231277044,-6.948690685341047e-05,145.64899261246347,367.3504772869001,367.35054677380697,True,390
2026-08-15-k-dimension-gsa-det-cbd-moment-v1,512,262,762,397,712,1.0040029596578752,-2.9745716110383707e-05,147.06757218893563,368.6534361692874,368.6534659150035,True,391
2026-08-15-k-dimension-gsa-det-cbd-moment-v1,512,263,761,405,715,1.0039479470818917,-8.313579171618247e-06,149.31921548475387,369.9594813401597,369.95948965373884,True,392
2026-08-15-k-dimension-gsa-det-cbd-moment-v1,512,264,760,392,706,1.004038231277044,-3.098494749726253e-05,145.60378060977325,371.262066144395,371.2620971293425,True,393
2026-08-15-k-dimension-gsa-det-cbd-moment-v1,512,265,759,391,704,1.0040453700319254,-2.6400136950464293e-05,145.34940944104443,372.5648109802505,372.5648373803875,True,394
2026-08-15-k-dimension-gsa-det-cbd-moment-v1,512,266,758,392,703,1.004038231277044,-1.7514086167777858e-05,145.5999790396134,373.86729402294276,373.8673115370289,True,395
2026-08-15-k-dimension-gsa-det-cbd-moment-v1,512,267,757,391,701,1.0040453700319254,-1.4794181159881392e-05,145.30607449142803,375.173500502018,375.1735152961991,True,395
2026-08-15-k-dimension-gsa-det-cbd-moment-v1,512,268,756,392,700,1.004038231277044,-9.631909962550934e-06,145.5961674256634,376.47585215249507,376.475861784405,True,396
2026-08-15-k-dimension-gsa-det-cbd-moment-v1,512,269,755,379,691,1.0041333147866416,-3.678893109571491e-05,141.87626034765603,377.7785612561576,377.7785980450887,True,397
2026-08-15-k-dimension-gsa-det-cbd-moment-v1,512,270,754,380,690,1.0041258211904749,-2.445168561297682e-05,142.16634822671224,379.084577283126,379.0846017348116,True,398
2026-08-15-k-dimension-gsa-det-cbd-moment-v1,512,271,753,379,688,1.0041333147866416,-2.070637301522451e-05,141.8724335681155,380.3869385435273,380.3869592499003,True,400
2026-08-15-k-dimension-gsa-det-cbd-moment-v1,512,272,752,450,729,1.003667611812199,-1.5294567637018257e-10,162.10947635384113,381.6897821145966,381.68978211474956,True,401
2026-08-15-k-dimension-gsa-det-cbd-moment-v1,512,273,751,459,732,1.003616808941751,-1.3693527104544949e-11,164.68110881565536,382.99550924178976,382.99550924180346,True,402
2026-08-15-k-dimension-gsa-det-cbd-moment-v1,512,274,750,366,675,1.0042336096043671,-4.4358696007888115e-05,138.18029879000133,384.29791714105386,384.2979614997499,True,403
2026-08-15-k-dimension-gsa-det-cbd-moment-v1,512,275,749,392,690,1.004038231277044,-9.34322576606007e-07,145.54210492540372,385.6006338796292,385.6006348139518,True,404
2026-08-15-k-dimension-gsa-det-cbd-moment-v1,512,276,748,432,712,1.003774210775322,-6.442917183457498e-10,156.9488754550152,386.9030905262832,386.9030905269275,True,405
2026-08-15-k-dimension-gsa-det-cbd-moment-v1,512,277,747,392,687,1.004038231277044,-4.4451404229360544e-07,145.5382474497342,388.208827280431,388.2088277249451,True,406
2026-08-15-k-dimension-gsa-det-cbd-moment-v1,512,278,746,432,709,1.003774210775322,-2.24401147794651e-10,156.9450128153828,389.5112512938333,389.51125129405773,True,407
2026-08-15-k-dimension-gsa-det-cbd-moment-v1,512,279,745,353,660,1.0043395773659929,-5.434730606884005e-05,134.4433613700516,390.8136667581653,390.81372110547136,True,408
2026-08-15-k-dimension-gsa-det-cbd-moment-v1,512,280,744,432,706,1.003774210775322,-7.40273423917153e-11,156.9411398062356,392.1194222698554,392.11942226992943,True,409
2026-08-15-k-dimension-gsa-det-cbd-moment-v1,512,281,743,366,665,1.0042336096043671,-5.137576466931849e-06,138.13114649542595,393.4217781407173,393.4217832782938,True,410
2026-08-15-k-dimension-gsa-det-cbd-moment-v1,512,282,742,353,656,1.0043395773659929,-2.2457203650764508e-05,134.4375401313229,394.7241815143462,394.72420397154985,True,412
2026-08-15-k-dimension-gsa-det-cbd-moment-v1,512,283,741,354,655,1.004331213163481,-1.4370490790001536e-05,134.6936471550846,396.02983874816744,396.02985311865825,True,413
2026-08-15-k-dimension-gsa-det-cbd-moment-v1,512,284,740,353,653,1.0043395773659929,-1.199442082463848e-05,134.39969888329506,397.33210460386033,397.3321165982812,True,414
2026-08-15-k-dimension-gsa-det-cbd-moment-v1,512,285,739,348,648,1.004381952541052,-1.7427548112307346e-05,132.97169530884824,398.63461026628636,398.6346276938345,True,415
2026-08-15-k-dimension-gsa-det-cbd-moment-v1,512,286,738,353,650,1.0043395773659929,-6.200505963744949e-06,134.39579442883914,399.93689702323405,399.93690322374,True,416
2026-08-15-k-dimension-gsa-det-cbd-moment-v1,512,287,737,340,640,1.0044517371368327,-2.787683326524479e-05,130.69737390542474,401.24232656412147,401.2423544409547,True,418
2026-08-15-k-dimension-gsa-det-cbd-moment-v1,512,288,736,341,640,1.0044428767420404,-1.776349921274253e-05,130.98741505238667,402.5447256997894,402.5447434632886,True,419
2026-08-15-k-dimension-gsa-det-cbd-moment-v1,512,289,735,340,638,1.0044517371368327,-1.482917091334006e-05,130.6934535360534,403.84686666248786,403.8468814916588,True,420
2026-08-15-k-dimension-gsa-det-cbd-moment-v1,512,290,734,500,727,1.0034040267850965,0.0,176.311953675622,405.1524932994677,405.1524932994677,True,421
2026-08-15-k-dimension-gsa-det-cbd-moment-v1,512,291,733,334,631,1.004505750968344,-1.818620729803886e-05,128.9692313441908,406.4547830612525,406.4548012474598,True,423
2026-08-15-k-dimension-gsa-det-cbd-moment-v1,512,292,732,327,625,1.0045706747150396,-3.526421904372644e-05,126.98466233900518,407.75689825018486,407.7569335144039,True,424
2026-08-15-k-dimension-gsa-det-cbd-moment-v1,512,293,731,328,624,1.0045612704560136,-2.2393794049800603e-05,127.2746900966736,409.0623809922212,409.06240338601526,True,425
2026-08-15-k-dimension-gsa-det-cbd-moment-v1,512,294,730,327,622,1.0045706747150396,-1.870345751834395e-05,126.98071515448854,410.3643260032431,410.3643447067006,True,427
2026-08-15-k-dimension-gsa-det-cbd-moment-v1,512,295,729,324,619,1.0045991527145743,-2.0804623692744e-05,126.13248484844215,411.666848097741,411.66686890236474,True,428
2026-08-15-k-dimension-gsa-det-cbd-moment-v1,512,296,728,322,616,1.0046183623349951,-2.005275549718394e-05,125.54650448431391,412.96903680560735,412.9690568583628,True,429
2026-08-15-k-dimension-gsa-det-cbd-moment-v1,512,297,727,314,610,1.0046970538042321,-4.5525170877552514e-05,123.26623689589107,414.27414449681703,414.2741900219879,True,431
2026-08-15-k-dimension-gsa-det-cbd-moment-v1,512,298,726,366,640,1.0042336096043671,-3.986479126921067e-09,138.02375325143933,415.57652025036094,415.57652025434743,True,432
2026-08-15-k-dimension-gsa-det-cbd-moment-v1,512,299,725,459,691,1.003616808941751,0.0,164.51479968562344,416.8784712270769,416.8784712270769,True,433
2026-08-15-k-dimension-gsa-det-cbd-moment-v1,512,300,724,366,637,1.0042336096043671,-1.358147445004349e-09,138.0197734005268,418.1838388589001,418.1838388602583,True,435
2026-08-15-k-dimension-gsa-det-cbd-moment-v1,512,301,723,327,612,1.0045706747150396,-1.5243315131063702e-06,126.93644068862875,419.48598460565563,419.48598612998717,True,436
2026-08-15-k-dimension-gsa-det-cbd-moment-v1,512,302,722,366,634,1.0042336096043671,-4.3519189740907077e-10,137.9773083925161,420.78806351101065,420.78806351144584,True,438
2026-08-15-k-dimension-gsa-det-cbd-moment-v1,512,303,721,327,609,1.0045706747150396,-6.789156449461225e-07,126.93244430091846,422.09319114978575,422.0931918287014,True,439
2026-08-15-k-dimension-gsa-det-cbd-moment-v1,512,304,720,366,631,1.0042336096043671,-1.306041790757213e-10,137.97330646195863,423.39523925841365,423.3952392585443,True,441
2026-08-15-k-dimension-gsa-det-cbd-moment-v1,512,305,719,327,606,1.0045706747150396,-2.886896987495085e-07,126.89740991649631,424.69732954719467,424.6973298358844,True,442
2026-08-15-k-dimension-gsa-det-cbd-moment-v1,512,306,718,432,665,1.003774210775322,0.0,156.78672753598653,425.9993502369817,425.9993502369817,True,444
2026-08-15-k-dimension-gsa-det-cbd-moment-v1,512,307,717,289,579,1.0049638725170873,-7.015852270897187e-05,116.15647235806372,427.3042842358774,427.3043543944001,True,445
2026-08-15-k-dimension-gsa-det-cbd-moment-v1,512,308,716,432,662,1.003774210775322,0.0,156.78270327942772,428.6065402377533,428.6065402377533,True,447
2026-08-15-k-dimension-gsa-det-cbd-moment-v1,512,309,715,528,709,1.00327409633735,0.0,184.22772443310805,429.90838664207905,429.90838664207905,True,449
2026-08-15-k-dimension-gsa-det-cbd-moment-v1,512,310,714,521,704,1.0033055256166454,0.0,182.18170526547138,431.21345981269695,431.21345981269695,True,450
2026-08-15-k-dimension-gsa-det-cbd-moment-v1,512,311,713,353,613,1.0043395773659929,-3.5906727167384404e-11,134.23916048530614,432.51548417609666,432.5154841761326,True,452
2026-08-15-k-dimension-gsa-det-cbd-moment-v1,512,312,712,289,572,1.0049638725170873,-1.3011659651641837e-05,116.12171442609397,433.817338644977,433.8173516566366,True,453
2026-08-15-k-dimension-gsa-det-cbd-moment-v1,512,313,711,528,702,1.00327409633735,0.0,184.21963075106171,435.1223816529111,435.1223816529111,True,455
2026-08-15-k-dimension-gsa-det-cbd-moment-v1,512,314,710,289,569,1.0049638725170873,-6.178242249720178e-06,116.1176562095196,436.42415325092065,436.4241594291629,True,457
2026-08-15-k-dimension-gsa-det-cbd-moment-v1,512,315,709,500,685,1.0034040267850965,0.0,176.19156991212688,437.7262414477815,437.7262414477815,True,459
2026-08-15-k-dimension-gsa-det-cbd-moment-v1,512,316,708,506,686,1.0033752152577802,0.0,177.86753306352657,439.02828265755903,439.02828265755903,True,460
2026-08-15-k-dimension-gsa-det-cbd-moment-v1,512,317,707,277,557,1.00510460816853,-1.5197451038781845e-05,112.70376271519626,440.3330660703049,440.3330812677559,True,462
2026-08-15-k-dimension-gsa-det-cbd-moment-v1,512,318,706,528,693,1.00327409633735,0.0,184.1269872145215,441.634930412358,441.634930412358,True,464
2026-08-15-k-dimension-gsa-det-cbd-moment-v1,512,319,705,514,685,1.0033376410927832,0.0,180.11940444872846,442.93680524601433,442.93680524601433,True,466
2026-08-15-k-dimension-gsa-det-cbd-moment-v1,512,320,704,486,670,1.0034734574827184,0.0,172.09335971352465,444.24149765853224,444.24149765853224,True,467
2026-08-15-k-dimension-gsa-det-cbd-moment-v1,512,321,703,484,667,1.003483637544192,0.0,171.5073089739599,445.5434951365258,445.5434951365258,True,469
2026-08-15-k-dimension-gsa-det-cbd-moment-v1,512,322,702,556,699,1.0031548023281565,0.0,192.20732722030456,446.84528091990865,446.84528091990865,True,471
2026-08-15-k-dimension-gsa-det-cbd-moment-v1,512,323,701,556,697,1.0031548023281565,0.0,192.20527063401065,448.14702846111345,448.14702846111345,True,473
2026-08-15-k-dimension-gsa-det-cbd-moment-v1,512,324,700,500,669,1.0034040267850965,0.0,176.0991386252759,449.4517829936654,449.4517829936654,True,475
2026-08-15-k-dimension-gsa-det-cbd-moment-v1,512,325,699,252,529,1.00542910033462,-5.4198189127874086e-05,105.62297320425543,450.7534417767852,450.7534959749743,True,477
2026-08-15-k-dimension-gsa-det-cbd-moment-v1,512,326,698,566,696,1.003114520099181,0.0,195.02597382181816,452.05524811396106,452.05524811396106,True,479
2026-08-15-k-dimension-gsa-det-cbd-moment-v1,512,327,697,563,693,1.0031264831520397,0.0,194.14790544147692,453.3597919583795,453.3597919583795,True,481
2026-08-15-k-dimension-gsa-det-cbd-moment-v1,512,328,696,569,694,1.003102659274024,0.0,195.89783409145724,454.6615378576362,454.6615378576362,True,483
2026-08-15-k-dimension-gsa-det-cbd-moment-v1,512,329,695,556,686,1.0031548023281565,0.0,192.0997597632194,455.96321322283757,455.96321322283757,True,485
2026-08-15-k-dimension-gsa-det-cbd-moment-v1,512,330,694,556,684,1.0031548023281565,0.0,192.0976824481868,457.2676063203827,457.2676063203827,True,487
2026-08-15-k-dimension-gsa-det-cbd-moment-v1,512,331,693,556,682,1.0031548023281565,0.0,192.09560213774574,458.5695217503708,458.5695217503708,True,489
2026-08-15-k-dimension-gsa-det-cbd-moment-v1,512,332,692,553,679,1.0031671162958846,0.0,191.21751882324526,459.8712129727118,459.8712129727118,True,491
2026-08-15-k-dimension-gsa-det-cbd-moment-v1,512,333,691,548,675,1.0031878812562778,0.0,189.75543249599679,461.17290006366267,461.17290006366267,True,493
2026-08-15-k-dimension-gsa-det-cbd-moment-v1,512,334,690,544,671,1.0032047147744385,0.0,188.67845255166552,462.47740834247355,462.47740834247355,True,496
2026-08-15-k-dimension-gsa-det-cbd-moment-v1,512,335,689,528,662,1.00327409633735,0.0,184.0918230139546,463.7790126950827,463.7790126950827,True,498
2026-08-15-k-dimension-gsa-det-cbd-moment-v1,512,336,688,535,663,1.003243330571242,0.0,186.0462647547021,465.08065167822775,465.08065167822775,True,500
2026-08-15-k-dimension-gsa-det-cbd-moment-v1,512,337,687,542,665,1.0032132066444195,0.0,188.0881662888181,466.38505771907353,466.38505771907353,True,502
2026-08-15-k-dimension-gsa-det-cbd-moment-v1,512,338,686,526,656,1.0032830074534358,0.0,183.50152760742313,467.6867132067528,467.6867132067528,True,505
2026-08-15-k-dimension-gsa-det-cbd-moment-v1,512,339,685,521,652,1.0033055256166454,0.0,182.03942301909822,468.9883293518025,468.9883293518025,True,507
2026-08-15-k-dimension-gsa-det-cbd-moment-v1,512,340,684,514,647,1.0033376410927832,0.0,179.99331535613624,470.29272118300554,470.29272118300554,True,509
2026-08-15-k-dimension-gsa-det-cbd-moment-v1,512,341,683,514,645,1.0033376410927832,0.0,179.99120460954043,471.5941539127639,471.5941539127639,True,512
2026-08-15-k-dimension-gsa-det-cbd-moment-v1,512,342,682,514,643,1.0033376410927832,0.0,179.98909077027452,472.8957214974796,472.8957214974796,True,514
2026-08-15-k-dimension-gsa-det-cbd-moment-v1,512,343,681,514,641,1.0033376410927832,0.0,179.9869738292624,474.19727689217007,474.19727689217007,True,517
2026-08-15-k-dimension-gsa-det-cbd-moment-v1,512,344,680,502,634,1.0033943616560752,0.0,176.56331593758003,475.50168558716297,475.50168558716297,True,519
2026-08-15-k-dimension-gsa-det-cbd-moment-v1,512,345,679,499,630,1.0034088826014305,0.0,175.68519276568705,476.80326131807533,476.80326131807533,True,522
2026-08-15-k-dimension-gsa-det-cbd-moment-v1,512,346,678,491,625,1.0034482975988082,0.0,173.34706646457866,478.1047212532994,478.1047212532994,True,524
2026-08-15-k-dimension-gsa-det-cbd-moment-v1,512,347,677,486,621,1.0034734574827184,0.0,171.96293953701857,479.4087855987291,479.4087855987291,True,527
2026-08-15-k-dimension-gsa-det-cbd-moment-v1,512,348,676,486,619,1.0034734574827184,0.0,171.96080694972576,480.7103139067859,480.7103139067859,True,530
2026-08-15-k-dimension-gsa-det-cbd-moment-v1,512,349,675,480,614,1.0035042005050003,0.0,170.20667120538178,482.0119491011974,482.0119491011974,True,532
2026-08-15-k-dimension-gsa-det-cbd-moment-v1,512,350,674,477,611,1.0035198029939134,0.0,169.32853229462543,483.31607744755223,483.31607744755223,True,535
2026-08-15-k-dimension-gsa-det-cbd-moment-v1,512,351,673,472,607,1.0035461577618676,0.0,167.94039078949768,484.6175694731351,484.6175694731351,True,538
2026-08-15-k-dimension-gsa-det-cbd-moment-v1,512,352,672,459,599,1.003616808941751,0.0,164.21263484555752,485.9189226376475,485.9189226376475,True,541
2026-08-15-k-dimension-gsa-det-cbd-moment-v1,512,353,671,459,597,1.003616808941751,0.0,164.21048637897894,487.2201907983723,487.2201907983723,True,544
2026-08-15-k-dimension-gsa-det-cbd-moment-v1,512,354,670,460,596,1.003611261724709,0.0,164.4299453802325,488.5244504374273,488.5244504374273,True,546
2026-08-15-k-dimension-gsa-det-cbd-moment-v1,512,355,669,455,592,1.0036391911267055,0.0,163.03817982342022,489.8258285189478,489.8258285189478,True,549
2026-08-15-k-dimension-gsa-det-cbd-moment-v1,512,356,668,451,588,1.0036618877235128,0.0,161.8680217152528,491.127196564162,491.127196564162,True,552
2026-08-15-k-dimension-gsa-det-cbd-moment-v1,512,357,667,448,585,1.0036791206911375,0.0,160.98986037396335,492.43124083588503,492.43124083588503,True,555
2026-08-15-k-dimension-gsa-det-cbd-moment-v1,512,358,666,432,575,1.003774210775322,0.0,156.44694032312827,493.73252256721975,493.73252256721975,True,558
2026-08-15-k-dimension-gsa-det-cbd-moment-v1,512,359,665,432,573,1.003774210775322,0.0,156.44477248644557,495.03370579225196,495.03370579225196,True,562
2026-08-15-k-dimension-gsa-det-cbd-moment-v1,512,360,664,436,573,1.0037499217629338,0.0,157.54647104998423,496.3352877865966,496.3352877865966,True,565
2026-08-15-k-dimension-gsa-det-cbd-moment-v1,512,361,663,431,569,1.0037803385763218,0.0,156.1484270161696,497.63919195146354,497.63919195146354,True,568
2026-08-15-k-dimension-gsa-det-cbd-moment-v1,512,362,662,428,566,1.0037988573445016,0.0,155.27024936286423,498.9404830813726,498.9404830813726,True,571
2026-08-15-k-dimension-gsa-det-cbd-moment-v1,512,363,661,424,562,1.0038238697849633,0.0,154.1000684175647,500.24175107944984,500.24175107944984,True,571
2026-08-15-k-dimension-gsa-det-cbd-moment-v1,512,364,660,419,558,1.003855662939257,0.0,152.69928471496698,501.54547483589783,501.54547483589783,True,570
2026-08-15-k-dimension-gsa-det-cbd-moment-v1,512,365,659,412,553,1.0039011895267822,0.0,150.6530971557292,502.84679111522314,502.84679111522314,True,569
2026-08-15-k-dimension-gsa-det-cbd-moment-v1,512,366,658,411,551,1.0039077926099251,0.0,150.3589062744564,504.14813770240977,504.14813770240977,True,568
2026-08-15-k-dimension-gsa-det-cbd-moment-v1,512,367,657,407,547,1.003934459141254,0.0,149.24760575009705,505.4519228586472,505.4519228586472,True,567
2026-08-15-k-dimension-gsa-det-cbd-moment-v1,512,368,656,169,410,1.0069560748177107,-1.6042168867060404e-05,82.24510335701689,506.75293334661984,506.7529493887887,True,566
2026-08-15-k-dimension-gsa-det-cbd-moment-v1,512,369,655,392,536,1.004038231277044,0.0,144.97423859858827,508.0543505098317,508.0543505098317,True,565
2026-08-15-k-dimension-gsa-det-cbd-moment-v1,512,370,654,392,534,1.004038231277044,0.0,144.97203432766156,509.3553807994723,509.3553807994723,True,564
2026-08-15-k-dimension-gsa-det-cbd-moment-v1,512,371,653,392,532,1.004038231277044,0.0,144.91537889968754,510.6590152922286,510.6590152922286,True,563
2026-08-15-k-dimension-gsa-det-cbd-moment-v1,512,372,652,386,527,1.0040814957413666,0.0,143.21561565639453,511.96046894697145,511.96046894697145,True,562
2026-08-15-k-dimension-gsa-det-cbd-moment-v1,512,373,651,383,524,1.004103523310319,0.0,142.38986865522324,513.2616133054295,513.2616133054295,True,561
2026-08-15-k-dimension-gsa-det-cbd-moment-v1,512,374,650,378,520,1.0041408391946975,0.0,140.9276508299734,514.5653183356012,514.5653183356012,True,560
2026-08-15-k-dimension-gsa-det-cbd-moment-v1,512,375,649,366,512,1.0042336096043671,0.0,137.52096526360765,515.8663481538913,515.8663481538913,True,559
2026-08-15-k-dimension-gsa-det-cbd-moment-v1,512,376,648,366,510,1.0042336096043671,0.0,137.51874059849314,517.1672926703427,517.1672926703427,True,558
2026-08-15-k-dimension-gsa-det-cbd-moment-v1,512,377,647,367,509,1.0042256994258376,0.0,137.80851249760101,518.4711095393426,518.4711095393426,True,557
2026-08-15-k-dimension-gsa-det-cbd-moment-v1,512,378,646,289,468,1.0049638725170873,0.0,115.67797920637156,519.772074530121,519.772074530121,True,556
2026-08-15-k-dimension-gsa-det-cbd-moment-v1,512,379,645,358,501,1.0042981174701786,0.0,135.2233516606975,521.0732210123402,521.0732210123402,True,555
2026-08-15-k-dimension-gsa-det-cbd-moment-v1,512,380,644,356,498,1.0043145935837583,0.0,134.6371131885015,522.3742654286599,522.3742654286599,True,554
2026-08-15-k-dimension-gsa-det-cbd-moment-v1,512,381,643,340,489,1.0044517371368327,0.0,130.09613776857827,523.6777712814587,523.6777712814587,True,553
2026-08-15-k-dimension-gsa-det-cbd-moment-v1,512,382,642,353,493,1.0043395773659929,0.0,133.75662579750917,524.9787957346081,524.9787957346081,True,552
2026-08-15-k-dimension-gsa-det-cbd-moment-v1,512,383,641,169,388,1.0069560748177107,-6.320945117784926e-10,82.14899614366956,526.2797645143704,526.2797645150025,True,551
2026-08-15-k-dimension-gsa-det-cbd-moment-v1,512,384,640,264,444,1.0052676834200276,0.0,108.591287808412,527.583328483976,527.583328483976,True,550
2026-08-15-k-dimension-gsa-det-cbd-moment-v1,512,385,639,169,385,1.0069560748177107,-9.132904893941266e-11,82.13376131140475,528.884163214805,528.8841632148963,True,549
2026-08-15-k-dimension-gsa-det-cbd-moment-v1,512,386,638,135,360,1.0079125300646745,-9.718867168583557e-06,72.84477174584575,530.1851360959267,530.1851458147939,True,548
2026-08-15-k-dimension-gsa-det-cbd-moment-v1,512,387,637,327,471,1.0045706747150396,0.0,126.3690745636986,531.4885469778817,531.4885469778817,True,547
2026-08-15-k-dimension-gsa-det-cbd-moment-v1,512,388,636,327,469,1.0045706747150396,0.0,126.36680795672666,532.7894792714471,532.7894792714471,True,546
2026-08-15-k-dimension-gsa-det-cbd-moment-v1,512,389,635,327,467,1.0045706747150396,0.0,126.36453778310184,534.0903987372982,534.0903987372982,True,545
2026-08-15-k-dimension-gsa-det-cbd-moment-v1,512,390,634,316,460,1.004677097419558,0.0,123.22826654358298,535.3914833260683,535.3914833260683,True,544
2026-08-15-k-dimension-gsa-det-cbd-moment-v1,512,391,633,124,344,1.0082882624056613,-1.3872637527836677e-05,69.83887419303412,536.6945396307395,536.694553503377,True,543
2026-08-15-k-dimension-gsa-det-cbd-moment-v1,512,392,632,301,449,1.0048316295047977,0.0,118.98809817095585,537.9957014075061,537.9957014075061,True,542
2026-08-15-k-dimension-gsa-det-cbd-moment-v1,512,393,631,302,447,1.0048209676131528,0.0,119.24304819960062,539.296403097839,539.296403097839,True,541
2026-08-15-k-dimension-gsa-det-cbd-moment-v1,512,394,630,301,445,1.0048316295047977,0.0,118.94876002300535,540.5998442822178,540.5998442822178,True,540
2026-08-15-k-dimension-gsa-det-cbd-moment-v1,512,395,629,296,441,1.0048857506241686,0.0,117.52123362965804,541.9007334653515,541.9007334653515,True,539
2026-08-15-k-dimension-gsa-det-cbd-moment-v1,512,396,628,293,437,1.0049188882136981,0.0,116.67688550359372,543.2015555163582,543.2015555163582,True,538
2026-08-15-k-dimension-gsa-det-cbd-moment-v1,512,397,627,288,433,1.0049752646984107,0.0,115.28017472913172,544.5047446715147,544.5047446715147,True,537
2026-08-15-k-dimension-gsa-det-cbd-moment-v1,512,398,626,277,426,1.00510460816853,0.0,112.15898134765376,545.8055143739981,545.8055143739981,True,536
2026-08-15-k-dimension-gsa-det-cbd-moment-v1,512,399,625,102,316,1.009168815337948,-9.977447061907936e-05,63.9187956057591,547.106214432262,547.1063142067327,True,535
2026-08-15-k-dimension-gsa-det-cbd-moment-v1,512,400,624,124,331,1.0082882624056613,-2.012185080071255e-08,69.7760452682241,548.4071218169054,548.4071218370273,True,534
2026-08-15-k-dimension-gsa-det-cbd-moment-v1,512,401,623,169,360,1.0069560748177107,0.0,82.01977303979618,549.7101948575097,549.7101948575097,True,533
2026-08-15-k-dimension-gsa-det-cbd-moment-v1,512,402,622,124,328,1.0082882624056613,-2.977423003109167e-09,69.759135489714,551.0109512600573,551.0109512630347,True,532
2026-08-15-k-dimension-gsa-det-cbd-moment-v1,512,403,621,113,319,1.008704975182247,-1.5393660105086588e-07,66.8088757784414,552.3116661850943,552.3116663390309,True,531
2026-08-15-k-dimension-gsa-det-cbd-moment-v1,512,404,620,124,325,1.0082882624056613,-3.547099709582492e-10,69.74210540040181,553.6147081774697,553.6147081778244,True,530
2026-08-15-k-dimension-gsa-det-cbd-moment-v1,512,405,619,252,400,1.00542910033462,0.0,105.06515052127185,554.9152703861307,554.9152703861307,True,529
2026-08-15-k-dimension-gsa-det-cbd-moment-v1,512,406,618,102,306,1.009168815337948,-1.132071702654571e-06,63.869090956928545,556.2160638095914,556.2160649416631,True,528
2026-08-15-k-dimension-gsa-det-cbd-moment-v1,512,407,617,192,364,1.0064420309041817,0.0,88.31808917987055,557.5168390102463,557.5168390102463,True,527
2026-08-15-k-dimension-gsa-det-cbd-moment-v1,512,408,616,246,391,1.0055141005466173,0.0,103.38142959005674,558.819833084267,558.819833084267,True,526
2026-08-15-k-dimension-gsa-det-cbd-moment-v1,512,409,615,91,294,1.0096862317631068,-7.763536675152787e-06,60.96436305478979,560.1203802458566,560.1203880093933,True,525
2026-08-15-k-dimension-gsa-det-cbd-moment-v1,512,410,614,240,384,1.0056021768440724,0.0,101.67283218293306,561.4209913127515,561.4209913127515,True,524
2026-08-15-k-dimension-gsa-det-cbd-moment-v1,512,411,613,113,307,1.008704975182247,-3.3373938002205e-11,66.74850040461064,562.7238823545738,562.7238823546072,True,523
2026-08-15-k-dimension-gsa-det-cbd-moment-v1,512,412,612,233,377,1.0057090568992033,0.0,99.69338784269266,564.0247069068753,564.0247069068753,True,522
2026-08-15-k-dimension-gsa-det-cbd-moment-v1,512,413,611,113,304,1.008704975182247,-2.0468293646132046e-12,66.7331776111726,565.3252172546999,565.3252172547019,True,521
2026-08-15-k-dimension-gsa-det-cbd-moment-v1,512,414,610,226,370,1.0058206697095105,0.0,97.73212827370057,566.6281429188969,566.6281429188969,True,520
2026-08-15-k-dimension-gsa-det-cbd-moment-v1,512,415,609,216,362,1.0059889942880431,0.0,94.93175178353528,567.9287175322584,567.9287175322584,True,519
2026-08-15-k-dimension-gsa-det-cbd-moment-v1,512,416,608,216,361,1.0059889942880431,0.0,94.92938087907254,569.2290789923069,569.2290789923069,True,518
2026-08-15-k-dimension-gsa-det-cbd-moment-v1,512,417,607,169,333,1.0069560748177107,0.0,81.90044330186419,570.5297186867583,570.5297186867583,True,517
2026-08-15-k-dimension-gsa-det-cbd-moment-v1,512,418,606,211,354,1.0060773703132957,0.0,93.52196052416784,571.8326442093753,571.8326442093753,True,516
2026-08-15-k-dimension-gsa-det-cbd-moment-v1,512,419,605,208,351,1.0061318288715158,0.0,92.68057208033906,573.133128495143,573.133128495143,True,515
2026-08-15-k-dimension-gsa-det-cbd-moment-v1,512,420,604,113,293,1.008704975182247,0.0,66.67879885868354,574.4335132264197,574.4335132264197,True,514
2026-08-15-k-dimension-gsa-det-cbd-moment-v1,512,421,603,200,343,1.006282606910818,0.0,90.42833161467885,575.7362539188812,575.7362539188812,True,513
2026-08-15-k-dimension-gsa-det-cbd-moment-v1,512,422,602,192,337,1.0064420309041817,0.0,88.20541431695838,577.036572205799,577.036572205799,True,512
2026-08-15-k-dimension-gsa-det-cbd-moment-v1,512,423,601,146,309,1.0075723347029661,0.0,75.5578419296028,578.3371892623264,578.3371892623264,True,511
2026-08-15-k-dimension-gsa-det-cbd-moment-v1,512,424,600,189,331,1.0065042015546437,0.0,87.3714075421735,579.6399220773997,579.6399220773997,True,510
2026-08-15-k-dimension-gsa-det-cbd-moment-v1,512,425,599,113,285,1.008704975182247,0.0,66.64478000581724,580.9402998999851,580.9402998999851,True,509
2026-08-15-k-dimension-gsa-det-cbd-moment-v1,512,426,598,183,324,1.0066327006161995,0.0,85.68935829427772,582.2407601776563,582.2407601776563,True,508
2026-08-15-k-dimension-gsa-det-cbd-moment-v1,512,427,597,169,315,1.0069560748177107,0.0,81.82756811639237,583.5410418196597,583.5410418196597,True,507
2026-08-15-k-dimension-gsa-det-cbd-moment-v1,512,428,596,169,313,1.0069560748177107,0.0,81.81265857140653,584.8434653989835,584.8434653989835,True,506
2026-08-15-k-dimension-gsa-det-cbd-moment-v1,512,429,595,170,312,1.006931801035717,0.0,82.07692482061049,586.1441329983066,586.1441329983066,True,505
2026-08-15-k-dimension-gsa-det-cbd-moment-v1,512,430,594,124,283,1.0082882624056613,0.0,69.55023957536396,587.4442074426512,587.4442074426512,True,504
2026-08-15-k-dimension-gsa-det-cbd-moment-v1,512,431,593,113,275,1.008704975182247,0.0,66.59657298131816,588.7469944318134,588.7469944318134,True,503
2026-08-15-k-dimension-gsa-det-cbd-moment-v1,512,432,592,157,299,1.0072629966161497,0.0,78.48687636716639,590.0472781229796,590.0472781229796,True,502
2026-08-15-k-dimension-gsa-det-cbd-moment-v1,512,433,591,158,298,1.0072362625995437,0.0,78.75424157560079,591.3473776584048,591.3473776584048,True,501
2026-08-15-k-dimension-gsa-det-cbd-moment-v1,512,434,590,124,276,1.0082882624056613,0.0,69.51993027633009,592.6498999964724,592.6498999964724,True,500
2026-08-15-k-dimension-gsa-det-cbd-moment-v1,512,435,589,113,268,1.008704975182247,0.0,66.56966737778123,593.9500397647126,593.9500397647126,True,499
2026-08-15-k-dimension-gsa-det-cbd-moment-v1,512,436,588,102,259,1.009168815337948,0.0,63.641060187529014,595.2505214098826,595.2505214098826,True,498
2026-08-15-k-dimension-gsa-det-cbd-moment-v1,512,437,587,145,283,1.0076019214516891,0.0,75.17562143243512,596.5508138671154,596.5508138671154,True,497
2026-08-15-k-dimension-gsa-det-cbd-moment-v1,512,438,586,135,275,1.0079125300646745,0.0,72.45770035027097,597.8531711804225,597.8531711804225,True,496
2026-08-15-k-dimension-gsa-det-cbd-moment-v1,512,439,585,135,274,1.0079125300646745,0.0,72.44692104210748,599.1531744586515,599.1531744586515,True,495
2026-08-15-k-dimension-gsa-det-cbd-moment-v1,512,440,584,135,272,1.0079125300646745,0.0,72.4360893135821,600.4533250627866,600.4533250627866,True,494
2026-08-15-k-dimension-gsa-det-cbd-moment-v1,512,441,583,91,244,1.0096862317631068,0.0,60.72159449742157,601.755834610227,601.755834610227,True,493
2026-08-15-k-dimension-gsa-det-cbd-moment-v1,512,442,582,127,263,1.0081819688029878,0.0,70.26133238017636,603.0560829280931,603.0560829280931,True,492
2026-08-15-k-dimension-gsa-det-cbd-moment-v1,512,443,581,124,260,1.0082882624056613,0.0,69.44860583615633,604.3562740411759,604.3562740411759,True,491
2026-08-15-k-dimension-gsa-det-cbd-moment-v1,512,444,580,113,252,1.008704975182247,0.0,66.49477232728952,605.6562730216177,605.6562730216177,True,490
2026-08-15-k-dimension-gsa-det-cbd-moment-v1,512,445,579,113,250,1.008704975182247,0.0,66.48630887421919,606.9583507612596,606.9583507612596,True,489
2026-08-15-k-dimension-gsa-det-cbd-moment-v1,512,446,578,124,254,1.0082882624056613,0.0,69.4267818722754,608.2587163034144,608.2587163034144,True,488
2026-08-15-k-dimension-gsa-det-cbd-moment-v1,512,447,577,124,252,1.0082882624056613,0.0,69.41705212918913,609.558775162129,609.558775162129,True,487
2026-08-15-k-dimension-gsa-det-cbd-moment-v1,512,448,576,124,250,1.0082882624056613,0.0,69.40728162152192,610.8609749304678,610.8609749304678,True,486
2026-08-15-k-dimension-gsa-det-cbd-moment-v1,512,449,575,124,248,1.0082882624056613,0.0,69.40477476591136,612.1610003028073,612.1610003028073,True,485
2026-08-15-k-dimension-gsa-det-cbd-moment-v1,512,450,574,91,228,1.0096862317631068,0.0,60.64865958044306,613.4609460864715,613.4609460864715,True,484
2026-08-15-k-dimension-gsa-det-cbd-moment-v1,512,451,573,102,232,1.009168815337948,0.0,63.52630041877184,614.7631017994407,614.7631017994407,True,483
2026-08-15-k-dimension-gsa-det-cbd-moment-v1,512,452,572,102,230,1.009168815337948,0.0,63.51879701927906,616.0630781448191,616.0630781448191,True,482
2026-08-15-k-dimension-gsa-det-cbd-moment-v1,512,453,571,102,228,1.009168815337948,0.0,63.50625386203853,617.3630391398453,617.3630391398453,True,481
2026-08-15-k-dimension-gsa-det-cbd-moment-v1,512,454,570,124,238,1.0082882624056613,0.0,69.36273095123923,618.6631070484459,618.6631070484459,True,480
2026-08-15-k-dimension-gsa-det-cbd-moment-v1,512,455,569,124,236,1.0082882624056613,0.0,69.35274187957467,619.9653158257704,619.9653158257704,True,479
2026-08-15-k-dimension-gsa-det-cbd-moment-v1,512,456,568,112,228,1.008745098250275,0.0,66.13639016886651,621.2652840917932,621.2652840917932,True,478
2026-08-15-k-dimension-gsa-det-cbd-moment-v1,512,457,567,107,223,1.008951722908338,0.0,64.7968294741361,622.5652497272401,622.5652497272401,True,477
2026-08-15-k-dimension-gsa-det-cbd-moment-v1,512,458,566,107,221,1.008951722908338,0.0,64.78865824283187,623.8672453553538,623.8672453553538,True,476
2026-08-15-k-dimension-gsa-det-cbd-moment-v1,512,459,565,102,217,1.009168815337948,0.0,63.460533377523475,625.1670164630556,625.1670164630556,True,475
2026-08-15-k-dimension-gsa-det-cbd-moment-v1,512,460,564,102,214,1.009168815337948,0.0,63.452834369343755,626.4667039457136,626.4667039457136,True,474
2026-08-15-k-dimension-gsa-det-cbd-moment-v1,512,461,563,102,212,1.009168815337948,0.0,63.445112423909414,627.7687900966725,627.7687900966725,True,473
2026-08-15-k-dimension-gsa-det-cbd-moment-v1,512,462,562,91,205,1.0096862317631068,0.0,60.55350954643058,629.0687433645024,629.0687433645024,True,472
2026-08-15-k-dimension-gsa-det-cbd-moment-v1,512,463,561,91,203,1.0096862317631068,0.0,60.546800456457525,630.3686945509829,630.3686945509829,True,471
2026-08-15-k-dimension-gsa-det-cbd-moment-v1,512,464,560,121,215,1.0083975998838566,0.0,68.47599286106018,631.6685044857059,631.6685044857059,True,470
2026-08-15-k-dimension-gsa-det-cbd-moment-v1,512,465,559,169,234,1.0069560748177107,0.0,81.51856066261792,632.970317087451,632.970317087451,True,469
2026-08-15-k-dimension-gsa-det-cbd-moment-v1,512,466,558,113,207,1.008704975182247,0.0,66.3210212117495,634.2698457012926,634.2698457012926,True,468
2026-08-15-k-dimension-gsa-det-cbd-moment-v1,512,467,557,102,199,1.009168815337948,0.0,63.39829065825988,635.5695560101767,635.5695560101767,True,467
2026-08-15-k-dimension-gsa-det-cbd-moment-v1,512,468,556,91,192,1.0096862317631068,0.0,60.504569001747676,636.8714866281649,636.8714866281649,True,466
2026-08-15-k-dimension-gsa-det-cbd-moment-v1,512,469,555,91,190,1.0096862317631068,0.0,60.497734897375175,638.1713376346665,638.1713376346665,True,465
2026-08-15-k-dimension-gsa-det-cbd-moment-v1,512,470,554,93,188,1.0095878948759565,0.0,61.009592168933814,639.4710152415938,639.4710152415938,True,464
2026-08-15-k-dimension-gsa-det-cbd-moment-v1,512,471,553,102,190,1.009168815337948,0.0,63.36122486069248,640.7706993565081,640.7706993565081,True,463
2026-08-15-k-dimension-gsa-det-cbd-moment-v1,512,472,552,91,183,1.0096862317631068,0.0,60.47284187955693,642.0722956088089,642.0722956088089,True,462
2026-08-15-k-dimension-gsa-det-cbd-moment-v1,512,473,551,124,195,1.0082882624056613,0.0,69.20576160490083,643.3720850519934,643.3720850519934,True,461
2026-08-15-k-dimension-gsa-det-cbd-moment-v1,512,474,550,102,183,1.009168815337948,0.0,63.33713635786258,644.6718060311337,644.6718060311337,True,460
2026-08-15-k-dimension-gsa-det-cbd-moment-v1,512,475,549,91,176,1.0096862317631068,0.0,60.44770177035212,645.9733368954659,645.9733368954659,True,459
2026-08-15-k-dimension-gsa-det-cbd-moment-v1,512,476,548,102,178,1.009168815337948,0.0,63.320951072252825,647.2728563019069,647.2728563019069,True,458
2026-08-15-k-dimension-gsa-det-cbd-moment-v1,512,477,547,91,171,1.0096862317631068,0.0,60.429340796527796,648.5726278853741,648.5726278853741,True,457
2026-08-15-k-dimension-gsa-det-cbd-moment-v1,512,478,546,91,169,1.0096862317631068,0.0,60.42230914553793,649.8742088200769,649.8742088200769,True,456
2026-08-15-k-dimension-gsa-det-cbd-moment-v1,512,479,545,91,166,1.0096862317631068,0.0,60.41525924516237,651.1738903712015,651.1738903712015,True,455
2026-08-15-k-dimension-gsa-det-cbd-moment-v1,512,480,544,94,165,1.0095394531447726,0.0,61.18812827370058,652.4733993997287,652.4733993997287,True,454
2026-08-15-k-dimension-gsa-det-cbd-moment-v1,512,481,543,91,161,1.0096862317631068,0.0,60.396658390688984,653.7727065295925,653.7727065295925,True,453
2026-08-15-k-dimension-gsa-det-cbd-moment-v1,512,482,542,109,166,1.0088678515042588,0.0,65.1239302325709,655.074394608968,655.074394608968,True,452
2026-08-15-k-dimension-gsa-det-cbd-moment-v1,512,483,541,104,161,1.0090806827340926,0.0,63.789999289166055,656.3738334661771,656.3738334661771,True,451
2026-08-15-k-dimension-gsa-det-cbd-moment-v1,512,484,540,91,153,1.0096862317631068,0.0,60.370743691938195,657.6730633456438,657.6730633456438,True,450
2026-08-15-k-dimension-gsa-det-cbd-moment-v1,512,485,539,102,154,1.009168815337948,0.0,63.24682614952467,658.9746657163176,658.9746657163176,True,449
2026-08-15-k-dimension-gsa-det-cbd-moment-v1,512,486,538,102,152,1.009168815337948,0.0,63.23845593725093,660.2740504750656,660.2740504750656,True,448
2026-08-15-k-dimension-gsa-det-cbd-moment-v1,512,487,537,124,156,1.0082882624056613,0.0,69.0946307928713,661.5734461782432,661.5734461782432,True,447
2026-08-15-k-dimension-gsa-det-cbd-moment-v1,512,488,536,102,146,1.009168815337948,0.0,63.221632744408545,662.8748492369585,662.8748492369585,True,446
2026-08-15-k-dimension-gsa-det-cbd-moment-v1,512,489,535,102,142,1.009168815337948,0.0,63.213179365950595,664.1740931341296,664.1740931341296,True,445
2026-08-15-k-dimension-gsa-det-cbd-moment-v1,512,490,534,102,139,1.009168815337948,0.0,63.204697863755634,665.4734884960778,665.4734884960778,True,444
2026-08-15-k-dimension-gsa-det-cbd-moment-v1,512,491,533,93,133,1.0095878948759565,0.0,60.833160243221336,666.7729433958982,666.7729433958982,True,443
2026-08-15-k-dimension-gsa-det-cbd-moment-v1,512,492,532,146,146,1.0075723347029661,0.0,75.00614567277577,668.0742356141772,668.0742356141772,True,442
2026-08-15-k-dimension-gsa-det-cbd-moment-v1,512,493,531,91,126,1.0096862317631068,0.0,60.29603107870853,669.3734435473593,669.3734435473593,True,441
2026-08-15-k-dimension-gsa-det-cbd-moment-v1,512,494,530,97,124,1.0093969875477766,0.0,61.85599759080443,670.672765777129,670.672765777129,True,440
2026-08-15-k-dimension-gsa-det-cbd-moment-v1,512,495,529,102,122,1.009168815337948,0.0,63.16186124967691,671.9737777753235,671.9737777753235,True,439
2026-08-15-k-dimension-gsa-det-cbd-moment-v1,512,496,528,95,117,1.0094914907605503,0.0,61.31367713630342,673.2730517238884,673.2730517238884,True,438
2026-08-15-k-dimension-gsa-det-cbd-moment-v1,512,497,527,91,112,1.0096862317631068,0.0,60.26158666508079,674.5723029814794,674.5723029814794,True,437
2026-08-15-k-dimension-gsa-det-cbd-moment-v1,512,498,526,91,108,1.0096862317631068,0.0,60.24932372861738,675.8734112220894,675.8734112220894,True,436
2026-08-15-k-dimension-gsa-det-cbd-moment-v1,512,499,525,91,104,1.0096862317631068,0.0,60.241793289313186,677.1725355325976,677.1725355325976,True,435
2026-08-15-k-dimension-gsa-det-cbd-moment-v1,512,500,524,91,100,1.0096862317631068,0.0,60.23424169203333,678.4716408290791,678.4716408290791,True,434
2026-08-15-k-dimension-gsa-det-cbd-moment-v1,512,501,523,91,96,1.0096862317631068,0.0,60.22666881044504,679.7708202116589,679.7708202116589,True,433
2026-08-15-k-dimension-gsa-det-cbd-moment-v1,512,502,522,157,105,1.0072629966161497,0.0,77.91576218634461,681.071824023409,681.071824023409,True,432
2026-08-15-k-dimension-gsa-det-cbd-moment-v1,512,503,521,135,96,1.0079125300646745,0.0,71.92195515932934,682.3708601719228,682.3708601719228,True,431
2026-08-15-k-dimension-gsa-det-cbd-moment-v1,512,504,520,99,83,1.0093043507947785,0.0,62.290369745096534,683.6699560215288,683.6699560215288,True,430
2026-08-15-k-dimension-gsa-det-cbd-moment-v1,512,505,519,94,77,1.0095394531447726,0.0,60.970878536769895,684.9709974367461,684.9709974367461,True,429
2026-08-15-k-dimension-gsa-det-cbd-moment-v1,512,506,518,158,82,1.0072362625995437,0.0,78.15272112987367,686.2698490421391,686.2698490421391,True,428
2026-08-15-k-dimension-gsa-det-cbd-moment-v1,512,507,517,113,68,1.008704975182247,0.0,65.972262894536,687.5687886288734,687.5687886288734,True,427
2026-08-15-k-dimension-gsa-det-cbd-moment-v1,512,508,516,255,77,1.0053877020233088,0.0,105.08068062105221,688.8678847962999,688.8678847962999,True,426
2026-08-15-k-dimension-gsa-det-cbd-moment-v1,512,509,515,157,57,1.0072629966161497,0.0,77.8523414642577,690.1685932729081,690.1685932729081,True,425
2026-08-15-k-dimension-gsa-det-cbd-moment-v1,512,510,514,445,66,1.0036965374538915,0.0,159.04606426733497,691.467431966843,691.467431966843,True,424
2026-08-15-k-dimension-gsa-det-cbd-moment-v1,512,511,513,132,31,1.0080112632235232,0.0,71.03427785685739,692.7663208501315,692.7663208501315,True,423
